GRID_TYPE,GAME_ID,GAME_EVENT_ID,PLAYER_ID,PLAYER_NAME,TEAM_ID,TEAM_NAME,PERIOD,MINUTES_REMAINING,SECONDS_REMAINING,EVENT_TYPE,ACTION_TYPE,SHOT_TYPE,SHOT_ZONE_BASIC,SHOT_ZONE_AREA,SHOT_ZONE_RANGE,SHOT_DISTANCE,LOC_X,LOC_Y,SHOT_ATTEMPTED_FLAG,SHOT_MADE_FLAG,GAME_DATE,HTM,VTM
Shot Chart Detail,0022100006,86,1630567,Scottie Barnes,1610612761,Toronto Raptors,1,4,30,Made Shot,Driving Hook Shot,2PT Field Goal,In The Paint (Non-RA),Center(C),Less Than 8 ft.,5,-5,52,1,1,20211020,TOR,WAS
Shot Chart Detail,0022100006,235,1630567,Scottie Barnes,1610612761,Toronto Raptors,2,8,21,Made Shot,Running Layup Shot,2PT Field Goal,Restricted Area,Center(C),Less Than 8 ft.,0,5,5,1,1,20211020,TOR,WAS
Shot Chart Detail,0022100006,430,1630567,Scottie Barnes,1610612761,Toronto Raptors,3,7,16,Made Shot,Finger Roll Layup Shot,2PT Field Goal,Restricted Area,Center(C),Less Than 8 ft.,2,-2,24,1,1,20211020,TOR,WAS
Shot Chart Detail,0022100006,465,1630567,Scottie Barnes,1610612761,Toronto Raptors,3,5,9,Made Shot,Running Reverse Layup Shot,2PT Field Goal,Restricted Area,Center(C),Less Than 8 ft.,0,4,-7,1,1,20211020,TOR,WAS
Shot Chart Detail,0022100006,680,1630567,Scottie Barnes,1610612761,Toronto Raptors,4,2,30,Made Shot,Driving Layup Shot,2PT Field Goal,Restricted Area,Center(C),Less Than 8 ft.,0,-5,-6,1,1,20211020,TOR,WAS
Shot Chart Detail,0022100020,51,1630567,Scottie Barnes,1610612761,Toronto Raptors,1,8,35,Made Shot,Jump Shot,3PT Field Goal,Above the Break 3,Right Side Center(RC),24+ ft.,26,141,227,1,1,20211022,BOS,TOR
Shot Chart Detail,0022100020,78,1630567,Scottie Barnes,1610612761,Toronto Raptors,1,6,7,Made Shot,Tip Dunk Shot,2PT Field Goal,Restricted Area,Center(C),Less Than 8 ft.,1,18,3,1,1,20211022,BOS,TOR
Shot Chart Detail,0022100020,113,1630567,Scottie Barnes,1610612761,Toronto Raptors,1,3,9,Made Shot,Layup Shot,2PT Field Goal,In The Paint (Non-RA),Center(C),Less Than 8 ft.,6,49,41,1,1,20211022,BOS,TOR
Shot Chart Detail,0022100020,214,1630567,Scottie Barnes,1610612761,Toronto Raptors,2,9,13,Made Shot,Pullup Jump shot,2PT Field Goal,Mid-Range,Left Side(L),8-16 ft.,14,-94,110,1,1,20211022,BOS,TOR
Shot Chart Detail,0022100020,269,1630567,Scottie Barnes,1610612761,Toronto Raptors,2,4,38,Made Shot,Dunk Shot,2PT Field Goal,Restricted Area,Center(C),Less Than 8 ft.,0,1,4,1,1,20211022,BOS,TOR
Shot Chart Detail,0022100020,316,1630567,Scottie Barnes,1610612761,Toronto Raptors,2,2,24,Made Shot,Turnaround Jump Shot,2PT Field Goal,In The Paint (Non-RA),Right Side(R),8-16 ft.,14,79,120,1,1,20211022,BOS,TOR
Shot Chart Detail,0022100020,371,1630567,Scottie Barnes,1610612761,Toronto Raptors,3,9,13,Made Shot,Pullup Jump shot,2PT Field Goal,Mid-Range,Right Side Center(RC),16-24 ft.,20,75,186,1,1,20211022,BOS,TOR
Shot Chart Detail,0022100020,463,1630567,Scottie Barnes,1610612761,Toronto Raptors,3,1,38,Made Shot,Driving Layup Shot,2PT Field Goal,Restricted Area,Center(C),Less Than 8 ft.,3,-5,31,1,1,20211022,BOS,TOR
Shot Chart Detail,0022100020,478,1630567,Scottie Barnes,1610612761,Toronto Raptors,3,0,51,Made Shot,Tip Layup Shot,2PT Field Goal,Restricted Area,Center(C),Less Than 8 ft.,0,0,0,1,1,20211022,BOS,TOR
Shot Chart Detail,0022100020,604,1630567,Scottie Barnes,1610612761,Toronto Raptors,4,4,27,Made Shot,Driving Layup Shot,2PT Field Goal,Restricted Area,Center(C),Less Than 8 ft.,2,4,28,1,1,20211022,BOS,TOR
Shot Chart Detail,0022100020,630,1630567,Scottie Barnes,1610612761,Toronto Raptors,4,3,5,Made Shot,Putback Dunk Shot,2PT Field Goal,Restricted Area,Center(C),Less Than 8 ft.,2,0,20,1,1,20211022,BOS,TOR
Shot Chart Detail,0022100029,46,1630567,Scottie Barnes,1610612761,Toronto Raptors,1,7,26,Made Shot,Driving Layup Shot,2PT Field Goal,Restricted Area,Center(C),Less Than 8 ft.,1,13,10,1,1,20211023,TOR,DAL
Shot Chart Detail,0022100029,380,1630567,Scottie Barnes,1610612761,Toronto Raptors,3,11,6,Made Shot,Jump Shot,2PT Field Goal,Mid-Range,Right Side(R),16-24 ft.,16,153,61,1,1,20211023,TOR,DAL
Shot Chart Detail,0022100029,395,1630567,Scottie Barnes,1610612761,Toronto Raptors,3,9,34,Made Shot,Driving Hook Shot,2PT Field Goal,In The Paint (Non-RA),Center(C),Less Than 8 ft.,6,25,58,1,1,20211023,TOR,DAL
Shot Chart Detail,0022100029,599,1630567,Scottie Barnes,1610612761,Toronto Raptors,4,6,5,Made Shot,Hook Shot,2PT Field Goal,In The Paint (Non-RA),Center(C),Less Than 8 ft.,4,20,45,1,1,20211023,TOR,DAL
Shot Chart Detail,0022100029,621,1630567,Scottie Barnes,1610612761,Toronto Raptors,4,3,15,Made Shot,Driving Dunk Shot,2PT Field Goal,Restricted Area,Center(C),Less Than 8 ft.,0,6,4,1,1,20211023,TOR,DAL
Shot Chart Detail,0022100029,651,1630567,Scottie Barnes,1610612761,Toronto Raptors,4,0,57,Made Shot,Turnaround Bank Hook Shot,2PT Field Goal,In The Paint (Non-RA),Center(C),Less Than 8 ft.,5,49,26,1,1,20211023,TOR,DAL
Shot Chart Detail,0022100046,15,1630567,Scottie Barnes,1610612761,Toronto Raptors,1,10,57,Made Shot,Floating Jump shot,2PT Field Goal,In The Paint (Non-RA),Center(C),Less Than 8 ft.,7,13,75,1,1,20211025,TOR,CHI
Shot Chart Detail,0022100046,149,1630567,Scottie Barnes,1610612761,Toronto Raptors,1,0,22,Made Shot,Driving Layup Shot,2PT Field Goal,Restricted Area,Center(C),Less Than 8 ft.,0,9,3,1,1,20211025,TOR,CHI
Shot Chart Detail,0022100046,161,1630567,Scottie Barnes,1610612761,Toronto Raptors,2,11,35,Made Shot,Step Back Jump shot,2PT Field Goal,Mid-Range,Center(C),16-24 ft.,16,-11,164,1,1,20211025,TOR,CHI
Shot Chart Detail,0022100046,374,1630567,Scottie Barnes,1610612761,Toronto Raptors,3,6,31,Made Shot,Floating Jump shot,2PT Field Goal,In The Paint (Non-RA),Center(C),Less Than 8 ft.,6,-5,62,1,1,20211025,TOR,CHI
Shot Chart Detail,0022100046,502,1630567,Scottie Barnes,1610612761,Toronto Raptors,4,10,5,Made Shot,Driving Dunk Shot,2PT Field Goal,Restricted Area,Center(C),Less Than 8 ft.,0,5,4,1,1,20211025,TOR,CHI
Shot Chart Detail,0022100046,629,1630567,Scottie Barnes,1610612761,Toronto Raptors,4,0,14,Made Shot,Running Dunk Shot,2PT Field Goal,Restricted Area,Center(C),Less Than 8 ft.,1,0,12,1,1,20211025,TOR,CHI
Shot Chart Detail,0022100058,257,1630567,Scottie Barnes,1610612761,Toronto Raptors,2,7,15,Made Shot,Fadeaway Jump Shot,2PT Field Goal,Restricted Area,Center(C),Less Than 8 ft.,2,-1,23,1,1,20211027,TOR,IND
Shot Chart Detail,0022100058,320,1630567,Scottie Barnes,1610612761,Toronto Raptors,2,3,7,Made Shot,Jump Shot,2PT Field Goal,In The Paint (Non-RA),Center(C),8-16 ft.,10,-2,106,1,1,20211027,TOR,IND
Shot Chart Detail,0022100058,327,1630567,Scottie Barnes,1610612761,Toronto Raptors,2,2,38,Made Shot,Turnaround Hook Shot,2PT Field Goal,In The Paint (Non-RA),Center(C),Less Than 8 ft.,5,7,58,1,1,20211027,TOR,IND
Shot Chart Detail,0022100058,342,1630567,Scottie Barnes,1610612761,Toronto Raptors,2,1,48,Made Shot,Turnaround Fadeaway Bank Jump Shot,2PT Field Goal,Restricted Area,Center(C),Less Than 8 ft.,3,-36,16,1,1,20211027,TOR,IND
Shot Chart Detail,0022100058,349,1630567,Scottie Barnes,1610612761,Toronto Raptors,2,1,19,Made Shot,Cutting Finger Roll Layup Shot,2PT Field Goal,In The Paint (Non-RA),Center(C),Less Than 8 ft.,4,0,44,1,1,20211027,TOR,IND
Shot Chart Detail,0022100058,399,1630567,Scottie Barnes,1610612761,Toronto Raptors,3,9,1,Made Shot,Running Layup Shot,2PT Field Goal,Restricted Area,Center(C),Less Than 8 ft.,1,6,14,1,1,20211027,TOR,IND
Shot Chart Detail,0022100058,414,1630567,Scottie Barnes,1610612761,Toronto Raptors,3,6,59,Made Shot,Turnaround Fadeaway Bank Jump Shot,2PT Field Goal,In The Paint (Non-RA),Center(C),Less Than 8 ft.,6,45,40,1,1,20211027,TOR,IND
Shot Chart Detail,0022100058,580,1630567,Scottie Barnes,1610612761,Toronto Raptors,4,7,30,Made Shot,Driving Dunk Shot,2PT Field Goal,Restricted Area,Center(C),Less Than 8 ft.,1,6,8,1,1,20211027,TOR,IND
Shot Chart Detail,0022100071,12,1630567,Scottie Barnes,1610612761,Toronto Raptors,1,11,14,Made Shot,Jump Shot,2PT Field Goal,Mid-Range,Right Side Center(RC),16-24 ft.,16,110,124,1,1,20211029,TOR,ORL
Shot Chart Detail,0022100071,17,1630567,Scottie Barnes,1610612761,Toronto Raptors,1,10,43,Made Shot,Pullup Jump shot,2PT Field Goal,Mid-Range,Right Side Center(RC),16-24 ft.,19,72,185,1,1,20211029,TOR,ORL
Shot Chart Detail,0022100071,26,1630567,Scottie Barnes,1610612761,Toronto Raptors,1,10,10,Made Shot,Jump Shot,3PT Field Goal,Above the Break 3,Right Side Center(RC),24+ ft.,25,207,151,1,1,20211029,TOR,ORL
Shot Chart Detail,0022100071,76,1630567,Scottie Barnes,1610612761,Toronto Raptors,1,5,16,Made Shot,Finger Roll Layup Shot,2PT Field Goal,Restricted Area,Center(C),Less Than 8 ft.,2,5,24,1,1,20211029,TOR,ORL
Shot Chart Detail,0022100071,183,1630567,Scottie Barnes,1610612761,Toronto Raptors,2,9,15,Made Shot,Running Dunk Shot,2PT Field Goal,Restricted Area,Center(C),Less Than 8 ft.,1,1,14,1,1,20211029,TOR,ORL
Shot Chart Detail,0022100071,226,1630567,Scottie Barnes,1610612761,Toronto Raptors,2,6,18,Made Shot,Running Pull-Up Jump Shot,2PT Field Goal,Mid-Range,Right Side(R),8-16 ft.,15,153,15,1,1,20211029,TOR,ORL
Shot Chart Detail,0022100071,259,1630567,Scottie Barnes,1610612761,Toronto Raptors,2,4,16,Made Shot,Jump Shot,2PT Field Goal,In The Paint (Non-RA),Center(C),8-16 ft.,13,10,134,1,1,20211029,TOR,ORL
Shot Chart Detail,0022100071,294,1630567,Scottie Barnes,1610612761,Toronto Raptors,2,0,46,Made Shot,Jump Shot,2PT Field Goal,Mid-Range,Left Side Center(LC),16-24 ft.,19,-89,171,1,1,20211029,TOR,ORL
Shot Chart Detail,0022100071,551,1630567,Scottie Barnes,1610612761,Toronto Raptors,4,4,56,Made Shot,Pullup Jump shot,2PT Field Goal,Mid-Range,Right Side(R),8-16 ft.,12,116,52,1,1,20211029,TOR,ORL
Shot Chart Detail,0022100081,36,1630567,Scottie Barnes,1610612761,Toronto Raptors,1,8,59,Made Shot,Tip Layup Shot,2PT Field Goal,Restricted Area,Center(C),Less Than 8 ft.,2,-13,19,1,1,20211030,IND,TOR
Shot Chart Detail,0022100081,50,1630567,Scottie Barnes,1610612761,Toronto Raptors,1,7,21,Made Shot,Turnaround Jump Shot,2PT Field Goal,In The Paint (Non-RA),Center(C),Less Than 8 ft.,6,-38,57,1,1,20211030,IND,TOR
Shot Chart Detail,0022100081,201,1630567,Scottie Barnes,1610612761,Toronto Raptors,2,10,18,Made Shot,Turnaround Jump Shot,2PT Field Goal,In The Paint (Non-RA),Center(C),Less Than 8 ft.,6,20,62,1,1,20211030,IND,TOR
Shot Chart Detail,0022100081,295,1630567,Scottie Barnes,1610612761,Toronto Raptors,2,4,11,Made Shot,Driving Floating Jump Shot,2PT Field Goal,In The Paint (Non-RA),Center(C),Less Than 8 ft.,7,-1,77,1,1,20211030,IND,TOR
Shot Chart Detail,0022100081,414,1630567,Scottie Barnes,1610612761,Toronto Raptors,3,6,39,Made Shot,Turnaround Fadeaway Bank Jump Shot,2PT Field Goal,Restricted Area,Center(C),Less Than 8 ft.,3,31,18,1,1,20211030,IND,TOR
Shot Chart Detail,0022100081,504,1630567,Scottie Barnes,1610612761,Toronto Raptors,4,11,45,Made Shot,Layup Shot,2PT Field Goal,Restricted Area,Center(C),Less Than 8 ft.,3,31,18,1,1,20211030,IND,TOR
Shot Chart Detail,0022100081,553,1630567,Scottie Barnes,1610612761,Toronto Raptors,4,7,53,Made Shot,Driving Finger Roll Layup Shot,2PT Field Goal,Restricted Area,Center(C),Less Than 8 ft.,3,-22,25,1,1,20211030,IND,TOR
Shot Chart Detail,0022100081,565,1630567,Scottie Barnes,1610612761,Toronto Raptors,4,6,35,Made Shot,Putback Layup Shot,2PT Field Goal,Restricted Area,Center(C),Less Than 8 ft.,2,-21,15,1,1,20211030,IND,TOR
Shot Chart Detail,0022100081,628,1630567,Scottie Barnes,1610612761,Toronto Raptors,4,1,6,Made Shot,Layup Shot,2PT Field Goal,Restricted Area,Center(C),Less Than 8 ft.,3,-32,18,1,1,20211030,IND,TOR
Shot Chart Detail,0022100127,117,1630567,Scottie Barnes,1610612761,Toronto Raptors,1,2,18,Made Shot,Pullup Jump shot,2PT Field Goal,Mid-Range,Right Side Center(RC),16-24 ft.,18,92,160,1,1,20211105,TOR,CLE
Shot Chart Detail,0022100127,157,1630567,Scottie Barnes,1610612761,Toronto Raptors,2,11,37,Made Shot,Driving Hook Shot,2PT Field Goal,In The Paint (Non-RA),Center(C),8-16 ft.,11,-22,111,1,1,20211105,TOR,CLE
Shot Chart Detail,0022100127,160,1630567,Scottie Barnes,1610612761,Toronto Raptors,2,11,7,Made Shot,Pullup Jump shot,2PT Field Goal,Mid-Range,Right Side Center(RC),16-24 ft.,18,85,160,1,1,20211105,TOR,CLE
Shot Chart Detail,0022100127,275,1630567,Scottie Barnes,1610612761,Toronto Raptors,2,2,23,Made Shot,Tip Layup Shot,2PT Field Goal,Restricted Area,Center(C),Less Than 8 ft.,0,0,0,1,1,20211105,TOR,CLE
Shot Chart Detail,0022100127,283,1630567,Scottie Barnes,1610612761,Toronto Raptors,2,1,35,Made Shot,Running Alley Oop Layup Shot,2PT Field Goal,Restricted Area,Center(C),Less Than 8 ft.,1,6,8,1,1,20211105,TOR,CLE
Shot Chart Detail,0022100127,534,1630567,Scottie Barnes,1610612761,Toronto Raptors,4,8,28,Made Shot,Dunk Shot,2PT Field Goal,Restricted Area,Center(C),Less Than 8 ft.,3,4,36,1,1,20211105,TOR,CLE
Shot Chart Detail,0022100127,666,1630567,Scottie Barnes,1610612761,Toronto Raptors,4,3,7,Made Shot,Tip Layup Shot,2PT Field Goal,Restricted Area,Center(C),Less Than 8 ft.,3,-21,28,1,1,20211105,TOR,CLE
Shot Chart Detail,0022100139,35,1630567,Scottie Barnes,1610612761,Toronto Raptors,1,8,53,Made Shot,Tip Layup Shot,2PT Field Goal,Restricted Area,Center(C),Less Than 8 ft.,0,0,0,1,1,20211107,TOR,BKN
Shot Chart Detail,0022100139,51,1630567,Scottie Barnes,1610612761,Toronto Raptors,1,7,35,Made Shot,Running Layup Shot,2PT Field Goal,Restricted Area,Center(C),Less Than 8 ft.,1,13,10,1,1,20211107,TOR,BKN
Shot Chart Detail,0022100139,63,1630567,Scottie Barnes,1610612761,Toronto Raptors,1,6,18,Made Shot,Turnaround Fadeaway shot,2PT Field Goal,In The Paint (Non-RA),Center(C),8-16 ft.,14,64,125,1,1,20211107,TOR,BKN
Shot Chart Detail,0022100139,287,1630567,Scottie Barnes,1610612761,Toronto Raptors,2,0,29,Made Shot,Running Reverse Dunk Shot,2PT Field Goal,Restricted Area,Center(C),Less Than 8 ft.,0,-1,0,1,1,20211107,TOR,BKN
Shot Chart Detail,0022100160,10,1630567,Scottie Barnes,1610612761,Toronto Raptors,1,11,1,Made Shot,Alley Oop Dunk Shot,2PT Field Goal,Restricted Area,Center(C),Less Than 8 ft.,3,25,27,1,1,20211110,BOS,TOR
Shot Chart Detail,0022100160,33,1630567,Scottie Barnes,1610612761,Toronto Raptors,1,8,33,Made Shot,Floating Jump shot,2PT Field Goal,Mid-Range,Left Side(L),8-16 ft.,10,-104,-4,1,1,20211110,BOS,TOR
Shot Chart Detail,0022100160,143,1630567,Scottie Barnes,1610612761,Toronto Raptors,1,0,4,Made Shot,Driving Reverse Layup Shot,2PT Field Goal,Restricted Area,Center(C),Less Than 8 ft.,2,12,21,1,1,20211110,BOS,TOR
Shot Chart Detail,0022100160,165,1630567,Scottie Barnes,1610612761,Toronto Raptors,2,10,35,Made Shot,Driving Bank Hook Shot,2PT Field Goal,In The Paint (Non-RA),Right Side(R),8-16 ft.,8,64,52,1,1,20211110,BOS,TOR
Shot Chart Detail,0022100160,281,1630567,Scottie Barnes,1610612761,Toronto Raptors,2,3,10,Made Shot,Driving Layup Shot,2PT Field Goal,Restricted Area,Center(C),Less Than 8 ft.,2,-18,20,1,1,20211110,BOS,TOR
Shot Chart Detail,0022100160,294,1630567,Scottie Barnes,1610612761,Toronto Raptors,2,1,57,Made Shot,Tip Layup Shot,2PT Field Goal,Restricted Area,Center(C),Less Than 8 ft.,0,0,0,1,1,20211110,BOS,TOR
Shot Chart Detail,0022100160,580,1630567,Scottie Barnes,1610612761,Toronto Raptors,4,3,38,Made Shot,Cutting Dunk Shot,2PT Field Goal,Restricted Area,Center(C),Less Than 8 ft.,2,-2,21,1,1,20211110,BOS,TOR
Shot Chart Detail,0022100171,7,1630567,Scottie Barnes,1610612761,Toronto Raptors,1,11,41,Made Shot,Reverse Layup Shot,2PT Field Goal,Restricted Area,Center(C),Less Than 8 ft.,3,26,25,1,1,20211111,PHI,TOR
Shot Chart Detail,0022100171,328,1630567,Scottie Barnes,1610612761,Toronto Raptors,2,0,26,Made Shot,Layup Shot,2PT Field Goal,Restricted Area,Center(C),Less Than 8 ft.,1,5,15,1,1,20211111,PHI,TOR
Shot Chart Detail,0022100171,389,1630567,Scottie Barnes,1610612761,Toronto Raptors,3,8,10,Made Shot,Putback Layup Shot,2PT Field Goal,Restricted Area,Center(C),Less Than 8 ft.,0,0,0,1,1,20211111,PHI,TOR
Shot Chart Detail,0022100171,392,1630567,Scottie Barnes,1610612761,Toronto Raptors,3,7,36,Made Shot,Pullup Jump shot,2PT Field Goal,Mid-Range,Left Side(L),8-16 ft.,15,-94,129,1,1,20211111,PHI,TOR
Shot Chart Detail,0022100171,409,1630567,Scottie Barnes,1610612761,Toronto Raptors,3,6,12,Made Shot,Layup Shot,2PT Field Goal,Restricted Area,Center(C),Less Than 8 ft.,2,-22,-1,1,1,20211111,PHI,TOR
Shot Chart Detail,0022100171,429,1630567,Scottie Barnes,1610612761,Toronto Raptors,3,4,49,Made Shot,Pullup Jump shot,2PT Field Goal,Mid-Range,Left Side(L),8-16 ft.,13,-125,42,1,1,20211111,PHI,TOR
Shot Chart Detail,0022100189,37,1630567,Scottie Barnes,1610612761,Toronto Raptors,1,8,46,Made Shot,Reverse Layup Shot,2PT Field Goal,Restricted Area,Center(C),Less Than 8 ft.,1,16,1,1,1,20211113,TOR,DET
Shot Chart Detail,0022100189,256,1630567,Scottie Barnes,1610612761,Toronto Raptors,2,5,13,Made Shot,Running Layup Shot,2PT Field Goal,Restricted Area,Center(C),Less Than 8 ft.,3,-29,21,1,1,20211113,TOR,DET
Shot Chart Detail,0022100189,540,1630567,Scottie Barnes,1610612761,Toronto Raptors,4,9,44,Made Shot,Jump Bank Shot,2PT Field Goal,In The Paint (Non-RA),Center(C),Less Than 8 ft.,5,45,36,1,1,20211113,TOR,DET
Shot Chart Detail,0022100189,624,1630567,Scottie Barnes,1610612761,Toronto Raptors,4,2,36,Made Shot,Driving Finger Roll Layup Shot,2PT Field Goal,Restricted Area,Center(C),Less Than 8 ft.,3,1,34,1,1,20211113,TOR,DET
Shot Chart Detail,0022100208,101,1630567,Scottie Barnes,1610612761,Toronto Raptors,1,2,52,Made Shot,Jump Shot,2PT Field Goal,Mid-Range,Center(C),8-16 ft.,15,-1,156,1,1,20211115,POR,TOR
Shot Chart Detail,0022100208,194,1630567,Scottie Barnes,1610612761,Toronto Raptors,2,6,16,Made Shot,Tip Layup Shot,2PT Field Goal,Restricted Area,Center(C),Less Than 8 ft.,0,0,0,1,1,20211115,POR,TOR
Shot Chart Detail,0022100208,199,1630567,Scottie Barnes,1610612761,Toronto Raptors,2,5,24,Made Shot,Dunk Shot,2PT Field Goal,Restricted Area,Center(C),Less Than 8 ft.,0,-6,5,1,1,20211115,POR,TOR
Shot Chart Detail,0022100208,315,1630567,Scottie Barnes,1610612761,Toronto Raptors,3,9,16,Made Shot,Running Pull-Up Jump Shot,2PT Field Goal,Mid-Range,Right Side Center(RC),16-24 ft.,17,129,115,1,1,20211115,POR,TOR
Shot Chart Detail,0022100208,412,1630567,Scottie Barnes,1610612761,Toronto Raptors,3,1,21,Made Shot,Driving Floating Jump Shot,2PT Field Goal,In The Paint (Non-RA),Center(C),Less Than 8 ft.,7,-2,71,1,1,20211115,POR,TOR
Shot Chart Detail,0022100208,486,1630567,Scottie Barnes,1610612761,Toronto Raptors,4,8,7,Made Shot,Driving Layup Shot,2PT Field Goal,Restricted Area,Center(C),Less Than 8 ft.,0,-5,8,1,1,20211115,POR,TOR
Shot Chart Detail,0022100229,46,1630567,Scottie Barnes,1610612761,Toronto Raptors,1,9,1,Made Shot,Running Dunk Shot,2PT Field Goal,Restricted Area,Center(C),Less Than 8 ft.,1,11,6,1,1,20211118,UTA,TOR
Shot Chart Detail,0022100229,113,1630567,Scottie Barnes,1610612761,Toronto Raptors,1,3,9,Made Shot,Pullup Jump shot,2PT Field Goal,Mid-Range,Right Side(R),8-16 ft.,15,85,135,1,1,20211118,UTA,TOR
Shot Chart Detail,0022100229,299,1630567,Scottie Barnes,1610612761,Toronto Raptors,2,0,2,Made Shot,Layup Shot,2PT Field Goal,Restricted Area,Center(C),Less Than 8 ft.,3,-31,1,1,1,20211118,UTA,TOR
Shot Chart Detail,0022100229,318,1630567,Scottie Barnes,1610612761,Toronto Raptors,3,10,41,Made Shot,Jump Shot,2PT Field Goal,Mid-Range,Right Side Center(RC),16-24 ft.,17,94,149,1,1,20211118,UTA,TOR
Shot Chart Detail,0022100229,480,1630567,Scottie Barnes,1610612761,Toronto Raptors,4,9,58,Made Shot,Pullup Jump shot,2PT Field Goal,Mid-Range,Right Side Center(RC),16-24 ft.,16,80,149,1,1,20211118,UTA,TOR
Shot Chart Detail,0022100238,319,1630567,Scottie Barnes,1610612761,Toronto Raptors,2,1,55,Made Shot,Pullup Jump shot,2PT Field Goal,Mid-Range,Left Side(L),8-16 ft.,13,-88,106,1,1,20211119,SAC,TOR
Shot Chart Detail,0022100252,410,1630567,Scottie Barnes,1610612761,Toronto Raptors,3,5,37,Made Shot,Jump Shot,3PT Field Goal,Above the Break 3,Left Side Center(LC),24+ ft.,27,-169,212,1,1,20211121,GSW,TOR
Shot Chart Detail,0022100252,429,1630567,Scottie Barnes,1610612761,Toronto Raptors,3,4,42,Made Shot,Cutting Layup Shot,2PT Field Goal,Restricted Area,Center(C),Less Than 8 ft.,3,-36,16,1,1,20211121,GSW,TOR
Shot Chart Detail,0022100252,437,1630567,Scottie Barnes,1610612761,Toronto Raptors,3,4,13,Made Shot,Jump Shot,3PT Field Goal,Above the Break 3,Left Side Center(LC),24+ ft.,26,-88,247,1,1,20211121,GSW,TOR
Shot Chart Detail,0022100272,100,1630567,Scottie Barnes,1610612761,Toronto Raptors,1,3,45,Made Shot,Pullup Jump shot,2PT Field Goal,In The Paint (Non-RA),Center(C),Less Than 8 ft.,5,-1,58,1,1,20211124,MEM,TOR
Shot Chart Detail,0022100272,151,1630567,Scottie Barnes,1610612761,Toronto Raptors,1,0,0,Made Shot,Running Jump Shot,3PT Field Goal,Backcourt,Back Court(BC),Back Court Shot,50,188,468,1,1,20211124,MEM,TOR
Shot Chart Detail,0022100272,214,1630567,Scottie Barnes,1610612761,Toronto Raptors,2,7,43,Made Shot,Tip Dunk Shot,2PT Field Goal,Restricted Area,Center(C),Less Than 8 ft.,0,0,0,1,1,20211124,MEM,TOR
Shot Chart Detail,0022100272,236,1630567,Scottie Barnes,1610612761,Toronto Raptors,2,6,35,Made Shot,Jump Shot,2PT Field Goal,Mid-Range,Center(C),16-24 ft.,23,-43,232,1,1,20211124,MEM,TOR
Shot Chart Detail,0022100272,282,1630567,Scottie Barnes,1610612761,Toronto Raptors,2,3,59,Made Shot,Running Dunk Shot,2PT Field Goal,Restricted Area,Center(C),Less Than 8 ft.,0,-4,8,1,1,20211124,MEM,TOR
Shot Chart Detail,0022100272,286,1630567,Scottie Barnes,1610612761,Toronto Raptors,2,3,39,Made Shot,Running Dunk Shot,2PT Field Goal,Restricted Area,Center(C),Less Than 8 ft.,0,-2,4,1,1,20211124,MEM,TOR
Shot Chart Detail,0022100272,309,1630567,Scottie Barnes,1610612761,Toronto Raptors,2,2,31,Made Shot,Turnaround Hook Shot,2PT Field Goal,In The Paint (Non-RA),Center(C),8-16 ft.,9,-45,86,1,1,20211124,MEM,TOR
Shot Chart Detail,0022100272,404,1630567,Scottie Barnes,1610612761,Toronto Raptors,3,7,3,Made Shot,Alley Oop Dunk Shot,2PT Field Goal,Restricted Area,Center(C),Less Than 8 ft.,0,5,-1,1,1,20211124,MEM,TOR
Shot Chart Detail,0022100284,34,1630567,Scottie Barnes,1610612761,Toronto Raptors,1,8,35,Made Shot,Turnaround Jump Shot,2PT Field Goal,Mid-Range,Right Side(R),8-16 ft.,10,97,51,1,1,20211126,IND,TOR
Shot Chart Detail,0022100284,56,1630567,Scottie Barnes,1610612761,Toronto Raptors,1,6,6,Made Shot,Running Dunk Shot,2PT Field Goal,Restricted Area,Center(C),Less Than 8 ft.,0,-2,-2,1,1,20211126,IND,TOR
Shot Chart Detail,0022100284,309,1630567,Scottie Barnes,1610612761,Toronto Raptors,3,11,7,Made Shot,Cutting Layup Shot,2PT Field Goal,Restricted Area,Center(C),Less Than 8 ft.,1,0,18,1,1,20211126,IND,TOR
Shot Chart Detail,0022100284,381,1630567,Scottie Barnes,1610612761,Toronto Raptors,3,6,7,Made Shot,Pullup Jump shot,2PT Field Goal,Mid-Range,Left Side(L),8-16 ft.,14,-110,97,1,1,20211126,IND,TOR
Shot Chart Detail,0022100284,441,1630567,Scottie Barnes,1610612761,Toronto Raptors,3,2,57,Made Shot,Driving Layup Shot,2PT Field Goal,Restricted Area,Center(C),Less Than 8 ft.,3,-23,31,1,1,20211126,IND,TOR
Shot Chart Detail,0022100302,118,1630567,Scottie Barnes,1610612761,Toronto Raptors,1,3,16,Made Shot,Cutting Layup Shot,2PT Field Goal,In The Paint (Non-RA),Center(C),Less Than 8 ft.,4,40,14,1,1,20211128,TOR,BOS
Shot Chart Detail,0022100302,311,1630567,Scottie Barnes,1610612761,Toronto Raptors,2,1,44,Made Shot,Jump Shot,3PT Field Goal,Above the Break 3,Right Side Center(RC),24+ ft.,25,140,217,1,1,20211128,TOR,BOS
Shot Chart Detail,0022100302,388,1630567,Scottie Barnes,1610612761,Toronto Raptors,3,9,58,Made Shot,Jump Shot,3PT Field Goal,Left Corner 3,Left Side(L),24+ ft.,22,-225,-13,1,1,20211128,TOR,BOS
Shot Chart Detail,0022100302,418,1630567,Scottie Barnes,1610612761,Toronto Raptors,3,6,59,Made Shot,Jump Shot,3PT Field Goal,Above the Break 3,Right Side Center(RC),24+ ft.,26,163,209,1,1,20211128,TOR,BOS
Shot Chart Detail,0022100302,422,1630567,Scottie Barnes,1610612761,Toronto Raptors,3,6,13,Made Shot,Jump Shot,3PT Field Goal,Above the Break 3,Right Side Center(RC),24+ ft.,26,197,178,1,1,20211128,TOR,BOS
Shot Chart Detail,0022100302,460,1630567,Scottie Barnes,1610612761,Toronto Raptors,3,3,51,Made Shot,Layup Shot,2PT Field Goal,Restricted Area,Center(C),Less Than 8 ft.,2,-23,15,1,1,20211128,TOR,BOS
Shot Chart Detail,0022100302,661,1630567,Scottie Barnes,1610612761,Toronto Raptors,4,0,47,Made Shot,Turnaround Hook Shot,2PT Field Goal,Restricted Area,Center(C),Less Than 8 ft.,3,-10,31,1,1,20211128,TOR,BOS
Shot Chart Detail,0022100315,22,1630567,Scottie Barnes,1610612761,Toronto Raptors,1,9,53,Made Shot,Jump Shot,2PT Field Goal,Mid-Range,Right Side(R),8-16 ft.,14,145,30,1,1,20211130,TOR,MEM
Shot Chart Detail,0022100315,197,1630567,Scottie Barnes,1610612761,Toronto Raptors,2,10,15,Made Shot,Driving Hook Shot,2PT Field Goal,In The Paint (Non-RA),Center(C),Less Than 8 ft.,5,-4,56,1,1,20211130,TOR,MEM
Shot Chart Detail,0022100315,384,1630567,Scottie Barnes,1610612761,Toronto Raptors,3,8,15,Made Shot,Jump Shot,3PT Field Goal,Above the Break 3,Center(C),24+ ft.,25,17,253,1,1,20211130,TOR,MEM
Shot Chart Detail,0022100315,413,1630567,Scottie Barnes,1610612761,Toronto Raptors,3,6,11,Made Shot,Running Layup Shot,2PT Field Goal,Restricted Area,Center(C),Less Than 8 ft.,0,-1,2,1,1,20211130,TOR,MEM
Shot Chart Detail,0022100315,420,1630567,Scottie Barnes,1610612761,Toronto Raptors,3,5,38,Made Shot,Jump Shot,2PT Field Goal,Mid-Range,Right Side Center(RC),16-24 ft.,19,74,183,1,1,20211130,TOR,MEM
Shot Chart Detail,0022100315,521,1630567,Scottie Barnes,1610612761,Toronto Raptors,4,11,8,Made Shot,Driving Dunk Shot,2PT Field Goal,Restricted Area,Center(C),Less Than 8 ft.,0,4,7,1,1,20211130,TOR,MEM
Shot Chart Detail,0022100315,681,1630567,Scottie Barnes,1610612761,Toronto Raptors,4,0,31,Made Shot,Jump Shot,3PT Field Goal,Above the Break 3,Right Side Center(RC),24+ ft.,25,206,153,1,1,20211130,TOR,MEM
Shot Chart Detail,0022100315,689,1630567,Scottie Barnes,1610612761,Toronto Raptors,4,0,19,Made Shot,Jump Shot,3PT Field Goal,Above the Break 3,Center(C),24+ ft.,26,5,267,1,1,20211130,TOR,MEM
Shot Chart Detail,0022100329,118,1630567,Scottie Barnes,1610612761,Toronto Raptors,1,2,47,Made Shot,Running Jump Shot,3PT Field Goal,Right Corner 3,Right Side(R),24+ ft.,23,237,3,1,1,20211202,TOR,MIL
Shot Chart Detail,0022100329,149,1630567,Scottie Barnes,1610612761,Toronto Raptors,1,0,28,Made Shot,Jump Shot,3PT Field Goal,Above the Break 3,Center(C),24+ ft.,26,62,261,1,1,20211202,TOR,MIL
Shot Chart Detail,0022100329,286,1630567,Scottie Barnes,1610612761,Toronto Raptors,2,2,48,Made Shot,Jump Shot,3PT Field Goal,Above the Break 3,Center(C),24+ ft.,26,56,260,1,1,20211202,TOR,MIL
Shot Chart Detail,0022100329,371,1630567,Scottie Barnes,1610612761,Toronto Raptors,3,8,15,Made Shot,Turnaround Fadeaway shot,2PT Field Goal,Mid-Range,Left Side(L),16-24 ft.,16,-138,92,1,1,20211202,TOR,MIL
Shot Chart Detail,0022100329,625,1630567,Scottie Barnes,1610612761,Toronto Raptors,4,2,16,Made Shot,Turnaround Jump Shot,2PT Field Goal,In The Paint (Non-RA),Center(C),Less Than 8 ft.,6,2,65,1,1,20211202,TOR,MIL
Shot Chart Detail,0022100351,182,1630567,Scottie Barnes,1610612761,Toronto Raptors,2,9,23,Made Shot,Cutting Dunk Shot,2PT Field Goal,Restricted Area,Center(C),Less Than 8 ft.,0,2,4,1,1,20211205,TOR,WAS
Shot Chart Detail,0022100351,299,1630567,Scottie Barnes,1610612761,Toronto Raptors,2,0,27,Made Shot,Layup Shot,2PT Field Goal,Restricted Area,Center(C),Less Than 8 ft.,2,0,26,1,1,20211205,TOR,WAS
Shot Chart Detail,0022100351,333,1630567,Scottie Barnes,1610612761,Toronto Raptors,3,9,58,Made Shot,Driving Dunk Shot,2PT Field Goal,Restricted Area,Center(C),Less Than 8 ft.,1,-5,13,1,1,20211205,TOR,WAS
Shot Chart Detail,0022100351,420,1630567,Scottie Barnes,1610612761,Toronto Raptors,3,2,11,Made Shot,Pullup Jump shot,2PT Field Goal,Mid-Range,Right Side Center(RC),16-24 ft.,19,130,143,1,1,20211205,TOR,WAS
Shot Chart Detail,0022100351,427,1630567,Scottie Barnes,1610612761,Toronto Raptors,3,1,2,Made Shot,Pullup Jump shot,2PT Field Goal,Mid-Range,Left Side(L),8-16 ft.,11,-107,47,1,1,20211205,TOR,WAS
Shot Chart Detail,0022100371,34,1630567,Scottie Barnes,1610612761,Toronto Raptors,1,9,3,Made Shot,Cutting Layup Shot,2PT Field Goal,Restricted Area,Center(C),Less Than 8 ft.,1,15,1,1,1,20211208,TOR,OKC
Shot Chart Detail,0022100371,72,1630567,Scottie Barnes,1610612761,Toronto Raptors,1,6,32,Made Shot,Driving Hook Shot,2PT Field Goal,In The Paint (Non-RA),Center(C),Less Than 8 ft.,4,0,44,1,1,20211208,TOR,OKC
Shot Chart Detail,0022100371,78,1630567,Scottie Barnes,1610612761,Toronto Raptors,1,5,57,Made Shot,Putback Layup Shot,2PT Field Goal,Restricted Area,Center(C),Less Than 8 ft.,3,-7,36,1,1,20211208,TOR,OKC
Shot Chart Detail,0022100371,170,1630567,Scottie Barnes,1610612761,Toronto Raptors,2,10,37,Made Shot,Running Jump Shot,3PT Field Goal,Above the Break 3,Right Side Center(RC),24+ ft.,26,110,242,1,1,20211208,TOR,OKC
Shot Chart Detail,0022100371,347,1630567,Scottie Barnes,1610612761,Toronto Raptors,3,8,24,Made Shot,Driving Floating Jump Shot,2PT Field Goal,In The Paint (Non-RA),Center(C),Less Than 8 ft.,6,5,66,1,1,20211208,TOR,OKC
Shot Chart Detail,0022100371,412,1630567,Scottie Barnes,1610612761,Toronto Raptors,3,3,40,Made Shot,Jump Shot,3PT Field Goal,Right Corner 3,Right Side(R),24+ ft.,24,240,3,1,1,20211208,TOR,OKC
Shot Chart Detail,0022100371,530,1630567,Scottie Barnes,1610612761,Toronto Raptors,4,7,22,Made Shot,Tip Layup Shot,2PT Field Goal,Restricted Area,Center(C),Less Than 8 ft.,0,0,0,1,1,20211208,TOR,OKC
Shot Chart Detail,0022100371,561,1630567,Scottie Barnes,1610612761,Toronto Raptors,4,5,30,Made Shot,Running Layup Shot,2PT Field Goal,In The Paint (Non-RA),Center(C),Less Than 8 ft.,6,40,48,1,1,20211208,TOR,OKC
Shot Chart Detail,0022100385,27,1630567,Scottie Barnes,1610612761,Toronto Raptors,1,9,5,Made Shot,Turnaround Jump Shot,2PT Field Goal,In The Paint (Non-RA),Center(C),Less Than 8 ft.,6,-51,44,1,1,20211210,TOR,NYK
Shot Chart Detail,0022100385,243,1630567,Scottie Barnes,1610612761,Toronto Raptors,2,4,3,Made Shot,Jump Shot,2PT Field Goal,Mid-Range,Center(C),16-24 ft.,22,-47,223,1,1,20211210,TOR,NYK
Shot Chart Detail,0022100385,259,1630567,Scottie Barnes,1610612761,Toronto Raptors,2,2,34,Made Shot,Running Dunk Shot,2PT Field Goal,Restricted Area,Center(C),Less Than 8 ft.,1,11,0,1,1,20211210,TOR,NYK
Shot Chart Detail,0022100385,518,1630567,Scottie Barnes,1610612761,Toronto Raptors,4,6,39,Made Shot,Turnaround Hook Shot,2PT Field Goal,In The Paint (Non-RA),Center(C),Less Than 8 ft.,6,-51,32,1,1,20211210,TOR,NYK
Shot Chart Detail,0022100385,535,1630567,Scottie Barnes,1610612761,Toronto Raptors,4,5,14,Made Shot,Driving Floating Jump Shot,2PT Field Goal,In The Paint (Non-RA),Center(C),Less Than 8 ft.,5,-31,48,1,1,20211210,TOR,NYK
Shot Chart Detail,0022100385,566,1630567,Scottie Barnes,1610612761,Toronto Raptors,4,3,12,Made Shot,Cutting Dunk Shot,2PT Field Goal,Restricted Area,Center(C),Less Than 8 ft.,1,6,9,1,1,20211210,TOR,NYK
Shot Chart Detail,0022100406,29,1630567,Scottie Barnes,1610612761,Toronto Raptors,1,9,49,Made Shot,Running Layup Shot,2PT Field Goal,Restricted Area,Center(C),Less Than 8 ft.,2,-27,-1,1,1,20211213,TOR,SAC
Shot Chart Detail,0022100406,140,1630567,Scottie Barnes,1610612761,Toronto Raptors,1,1,35,Made Shot,Running Layup Shot,2PT Field Goal,In The Paint (Non-RA),Center(C),Less Than 8 ft.,5,42,36,1,1,20211213,TOR,SAC
Shot Chart Detail,0022100406,164,1630567,Scottie Barnes,1610612761,Toronto Raptors,1,0,1,Made Shot,Step Back Jump shot,2PT Field Goal,Mid-Range,Left Side Center(LC),16-24 ft.,21,-169,138,1,1,20211213,TOR,SAC
Shot Chart Detail,0022100406,181,1630567,Scottie Barnes,1610612761,Toronto Raptors,2,10,17,Made Shot,Cutting Dunk Shot,2PT Field Goal,Restricted Area,Center(C),Less Than 8 ft.,1,-6,10,1,1,20211213,TOR,SAC
Shot Chart Detail,0022100406,282,1630567,Scottie Barnes,1610612761,Toronto Raptors,2,3,35,Made Shot,Layup Shot,2PT Field Goal,In The Paint (Non-RA),Center(C),Less Than 8 ft.,5,-45,36,1,1,20211213,TOR,SAC
Shot Chart Detail,0022100406,286,1630567,Scottie Barnes,1610612761,Toronto Raptors,2,3,7,Made Shot,Jump Shot,3PT Field Goal,Right Corner 3,Right Side(R),24+ ft.,22,225,-8,1,1,20211213,TOR,SAC
Shot Chart Detail,0022100413,46,1630567,Scottie Barnes,1610612761,Toronto Raptors,1,8,21,Made Shot,Turnaround Fadeaway shot,2PT Field Goal,In The Paint (Non-RA),Center(C),8-16 ft.,10,-44,90,1,1,20211214,BKN,TOR
Shot Chart Detail,0022100413,425,1630567,Scottie Barnes,1610612761,Toronto Raptors,3,6,8,Made Shot,Running Layup Shot,2PT Field Goal,Restricted Area,Center(C),Less Than 8 ft.,1,17,6,1,1,20211214,BKN,TOR
Shot Chart Detail,0022100413,435,1630567,Scottie Barnes,1610612761,Toronto Raptors,3,5,0,Made Shot,Jump Shot,3PT Field Goal,Mid-Range,Left Side(L),16-24 ft.,21,-219,6,1,1,20211214,BKN,TOR
Shot Chart Detail,0022100413,460,1630567,Scottie Barnes,1610612761,Toronto Raptors,3,3,40,Made Shot,Turnaround Hook Shot,2PT Field Goal,In The Paint (Non-RA),Center(C),Less Than 8 ft.,7,-23,74,1,1,20211214,BKN,TOR
Shot Chart Detail,0022100413,511,1630567,Scottie Barnes,1610612761,Toronto Raptors,4,11,21,Made Shot,Turnaround Fadeaway shot,2PT Field Goal,Mid-Range,Left Side(L),8-16 ft.,8,-81,29,1,1,20211214,BKN,TOR
Shot Chart Detail,0022100413,591,1630567,Scottie Barnes,1610612761,Toronto Raptors,4,4,19,Made Shot,Pullup Jump shot,3PT Field Goal,Above the Break 3,Right Side Center(RC),24+ ft.,27,140,235,1,1,20211214,BKN,TOR
Shot Chart Detail,0022100413,618,1630567,Scottie Barnes,1610612761,Toronto Raptors,4,2,12,Made Shot,Step Back Jump shot,3PT Field Goal,Right Corner 3,Right Side(R),24+ ft.,23,232,33,1,1,20211214,BKN,TOR
Shot Chart Detail,0022100430,7,1630567,Scottie Barnes,1610612761,Toronto Raptors,1,11,39,Made Shot,Floating Jump shot,2PT Field Goal,In The Paint (Non-RA),Center(C),Less Than 8 ft.,7,12,73,1,1,20220203,TOR,CHI
Shot Chart Detail,0022100430,213,1630567,Scottie Barnes,1610612761,Toronto Raptors,2,8,13,Made Shot,Running Layup Shot,2PT Field Goal,Restricted Area,Center(C),Less Than 8 ft.,2,18,15,1,1,20220203,TOR,CHI
Shot Chart Detail,0022100430,224,1630567,Scottie Barnes,1610612761,Toronto Raptors,2,7,6,Made Shot,Jump Shot,3PT Field Goal,Left Corner 3,Left Side(L),24+ ft.,22,-222,17,1,1,20220203,TOR,CHI
Shot Chart Detail,0022100430,340,1630567,Scottie Barnes,1610612761,Toronto Raptors,3,8,56,Made Shot,Reverse Layup Shot,2PT Field Goal,Restricted Area,Center(C),Less Than 8 ft.,1,-13,11,1,1,20220203,TOR,CHI
Shot Chart Detail,0022100430,348,1630567,Scottie Barnes,1610612761,Toronto Raptors,3,7,44,Made Shot,Jump Shot,3PT Field Goal,Right Corner 3,Right Side(R),24+ ft.,22,229,11,1,1,20220203,TOR,CHI
Shot Chart Detail,0022100430,499,1630567,Scottie Barnes,1610612761,Toronto Raptors,4,10,23,Made Shot,Driving Finger Roll Layup Shot,2PT Field Goal,Restricted Area,Center(C),Less Than 8 ft.,1,-13,7,1,1,20220203,TOR,CHI
Shot Chart Detail,0022100430,633,1630567,Scottie Barnes,1610612761,Toronto Raptors,4,1,23,Made Shot,Turnaround Hook Shot,2PT Field Goal,Restricted Area,Center(C),Less Than 8 ft.,3,-33,13,1,1,20220203,TOR,CHI
Shot Chart Detail,0022100430,653,1630567,Scottie Barnes,1610612761,Toronto Raptors,4,0,0,Made Shot,Tip Layup Shot,2PT Field Goal,Restricted Area,Center(C),Less Than 8 ft.,0,0,0,1,1,20220203,TOR,CHI
Shot Chart Detail,0022100430,683,1630567,Scottie Barnes,1610612761,Toronto Raptors,5,1,44,Made Shot,Turnaround Fadeaway Bank Jump Shot,2PT Field Goal,Restricted Area,Center(C),Less Than 8 ft.,3,-26,22,1,1,20220203,TOR,CHI
Shot Chart Detail,0022100443,33,1630567,Scottie Barnes,1610612761,Toronto Raptors,1,9,8,Made Shot,Cutting Layup Shot,2PT Field Goal,Restricted Area,Center(C),Less Than 8 ft.,3,-28,12,1,1,20211218,TOR,GSW
Shot Chart Detail,0022100443,40,1630567,Scottie Barnes,1610612761,Toronto Raptors,1,8,8,Made Shot,Turnaround Fadeaway Bank Jump Shot,2PT Field Goal,In The Paint (Non-RA),Center(C),Less Than 8 ft.,7,45,57,1,1,20211218,TOR,GSW
Shot Chart Detail,0022100443,94,1630567,Scottie Barnes,1610612761,Toronto Raptors,1,4,27,Made Shot,Turnaround Jump Shot,2PT Field Goal,In The Paint (Non-RA),Left Side(L),8-16 ft.,11,-61,96,1,1,20211218,TOR,GSW
Shot Chart Detail,0022100443,130,1630567,Scottie Barnes,1610612761,Toronto Raptors,1,0,47,Made Shot,Running Finger Roll Layup Shot,2PT Field Goal,Restricted Area,Center(C),Less Than 8 ft.,2,-22,16,1,1,20211218,TOR,GSW
Shot Chart Detail,0022100443,292,1630567,Scottie Barnes,1610612761,Toronto Raptors,2,2,7,Made Shot,Running Layup Shot,2PT Field Goal,Restricted Area,Center(C),Less Than 8 ft.,2,-21,10,1,1,20211218,TOR,GSW
Shot Chart Detail,0022100443,326,1630567,Scottie Barnes,1610612761,Toronto Raptors,2,0,5,Made Shot,Turnaround Hook Shot,2PT Field Goal,In The Paint (Non-RA),Center(C),Less Than 8 ft.,6,-2,65,1,1,20211218,TOR,GSW
Shot Chart Detail,0022100443,354,1630567,Scottie Barnes,1610612761,Toronto Raptors,3,10,27,Made Shot,Step Back Jump shot,2PT Field Goal,Mid-Range,Right Side Center(RC),16-24 ft.,21,72,199,1,1,20211218,TOR,GSW
Shot Chart Detail,0022100443,422,1630567,Scottie Barnes,1610612761,Toronto Raptors,3,4,42,Made Shot,Tip Dunk Shot,2PT Field Goal,Restricted Area,Center(C),Less Than 8 ft.,0,0,0,1,1,20211218,TOR,GSW
Shot Chart Detail,0022100458,50,1630567,Scottie Barnes,1610612761,Toronto Raptors,1,7,30,Made Shot,Running Jump Shot,3PT Field Goal,Above the Break 3,Left Side Center(LC),24+ ft.,26,-185,184,1,1,20220304,TOR,ORL
Shot Chart Detail,0022100458,171,1630567,Scottie Barnes,1610612761,Toronto Raptors,2,10,45,Made Shot,Turnaround Hook Shot,2PT Field Goal,In The Paint (Non-RA),Center(C),Less Than 8 ft.,7,-2,71,1,1,20220304,TOR,ORL
Shot Chart Detail,0022100458,523,1630567,Scottie Barnes,1610612761,Toronto Raptors,4,9,55,Made Shot,Driving Hook Shot,2PT Field Goal,In The Paint (Non-RA),Center(C),Less Than 8 ft.,5,-23,50,1,1,20220304,TOR,ORL
Shot Chart Detail,0022100458,609,1630567,Scottie Barnes,1610612761,Toronto Raptors,4,2,47,Made Shot,Cutting Layup Shot,2PT Field Goal,Restricted Area,Center(C),Less Than 8 ft.,2,-21,8,1,1,20220304,TOR,ORL
Shot Chart Detail,0022100472,21,1630567,Scottie Barnes,1610612761,Toronto Raptors,1,9,47,Made Shot,Driving Layup Shot,2PT Field Goal,Restricted Area,Center(C),Less Than 8 ft.,1,12,7,1,1,20220126,CHI,TOR
Shot Chart Detail,0022100472,211,1630567,Scottie Barnes,1610612761,Toronto Raptors,2,9,9,Made Shot,Driving Layup Shot,2PT Field Goal,Restricted Area,Center(C),Less Than 8 ft.,0,7,6,1,1,20220126,CHI,TOR
Shot Chart Detail,0022100472,375,1630567,Scottie Barnes,1610612761,Toronto Raptors,3,9,46,Made Shot,Cutting Dunk Shot,2PT Field Goal,Restricted Area,Center(C),Less Than 8 ft.,0,-2,-1,1,1,20220126,CHI,TOR
Shot Chart Detail,0022100472,391,1630567,Scottie Barnes,1610612761,Toronto Raptors,3,8,24,Made Shot,Dunk Shot,2PT Field Goal,Restricted Area,Center(C),Less Than 8 ft.,0,-6,-2,1,1,20220126,CHI,TOR
Shot Chart Detail,0022100472,518,1630567,Scottie Barnes,1610612761,Toronto Raptors,4,11,23,Made Shot,Driving Layup Shot,2PT Field Goal,Restricted Area,Center(C),Less Than 8 ft.,0,0,4,1,1,20220126,CHI,TOR
Shot Chart Detail,0022100472,620,1630567,Scottie Barnes,1610612761,Toronto Raptors,4,3,42,Made Shot,Driving Floating Bank Jump Shot,2PT Field Goal,In The Paint (Non-RA),Center(C),Less Than 8 ft.,7,74,17,1,1,20220126,CHI,TOR
Shot Chart Detail,0022100545,96,1630567,Scottie Barnes,1610612761,Toronto Raptors,1,4,15,Made Shot,Tip Layup Shot,2PT Field Goal,Restricted Area,Center(C),Less Than 8 ft.,0,0,0,1,1,20220102,TOR,NYK
Shot Chart Detail,0022100545,290,1630567,Scottie Barnes,1610612761,Toronto Raptors,2,2,19,Made Shot,Cutting Layup Shot,2PT Field Goal,Restricted Area,Center(C),Less Than 8 ft.,2,13,18,1,1,20220102,TOR,NYK
Shot Chart Detail,0022100545,421,1630567,Scottie Barnes,1610612761,Toronto Raptors,3,4,45,Made Shot,Jump Shot,3PT Field Goal,Left Corner 3,Left Side(L),24+ ft.,23,-228,31,1,1,20220102,TOR,NYK
Shot Chart Detail,0022100545,425,1630567,Scottie Barnes,1610612761,Toronto Raptors,3,4,15,Made Shot,Step Back Jump shot,3PT Field Goal,Above the Break 3,Center(C),24+ ft.,27,-67,266,1,1,20220102,TOR,NYK
Shot Chart Detail,0022100563,192,1630567,Scottie Barnes,1610612761,Toronto Raptors,2,11,36,Made Shot,Tip Layup Shot,2PT Field Goal,Restricted Area,Center(C),Less Than 8 ft.,0,0,0,1,1,20220104,TOR,SAS
Shot Chart Detail,0022100563,431,1630567,Scottie Barnes,1610612761,Toronto Raptors,3,8,17,Made Shot,Turnaround Jump Shot,2PT Field Goal,Mid-Range,Right Side(R),8-16 ft.,12,123,41,1,1,20220104,TOR,SAS
Shot Chart Detail,0022100563,606,1630567,Scottie Barnes,1610612761,Toronto Raptors,4,8,44,Made Shot,Running Layup Shot,2PT Field Goal,Restricted Area,Center(C),Less Than 8 ft.,2,25,8,1,1,20220104,TOR,SAS
Shot Chart Detail,0022100563,630,1630567,Scottie Barnes,1610612761,Toronto Raptors,4,7,16,Made Shot,Fadeaway Jump Shot,2PT Field Goal,In The Paint (Non-RA),Left Side(L),8-16 ft.,9,-66,62,1,1,20220104,TOR,SAS
Shot Chart Detail,0022100573,53,1630567,Scottie Barnes,1610612761,Toronto Raptors,1,7,55,Made Shot,Turnaround Fadeaway shot,2PT Field Goal,Mid-Range,Right Side(R),8-16 ft.,13,82,112,1,1,20220105,MIL,TOR
Shot Chart Detail,0022100573,362,1630567,Scottie Barnes,1610612761,Toronto Raptors,3,8,33,Made Shot,Dunk Shot,2PT Field Goal,Restricted Area,Center(C),Less Than 8 ft.,1,-5,14,1,1,20220105,MIL,TOR
Shot Chart Detail,0022100584,17,1630567,Scottie Barnes,1610612761,Toronto Raptors,1,10,49,Made Shot,Jump Shot,2PT Field Goal,Mid-Range,Center(C),8-16 ft.,15,4,151,1,1,20220107,TOR,UTA
Shot Chart Detail,0022100584,44,1630567,Scottie Barnes,1610612761,Toronto Raptors,1,8,11,Made Shot,Floating Jump shot,2PT Field Goal,In The Paint (Non-RA),Center(C),8-16 ft.,9,-11,99,1,1,20220107,TOR,UTA
Shot Chart Detail,0022100584,177,1630567,Scottie Barnes,1610612761,Toronto Raptors,2,11,44,Made Shot,Driving Hook Shot,2PT Field Goal,In The Paint (Non-RA),Right Side(R),8-16 ft.,10,77,66,1,1,20220107,TOR,UTA
Shot Chart Detail,0022100584,326,1630567,Scottie Barnes,1610612761,Toronto Raptors,2,0,54,Made Shot,Driving Floating Jump Shot,2PT Field Goal,In The Paint (Non-RA),Center(C),8-16 ft.,9,-6,99,1,1,20220107,TOR,UTA
Shot Chart Detail,0022100584,361,1630567,Scottie Barnes,1610612761,Toronto Raptors,3,10,23,Made Shot,Tip Layup Shot,2PT Field Goal,Restricted Area,Center(C),Less Than 8 ft.,0,0,0,1,1,20220107,TOR,UTA
Shot Chart Detail,0022100599,27,1630567,Scottie Barnes,1610612761,Toronto Raptors,1,9,3,Made Shot,Turnaround Jump Shot,2PT Field Goal,In The Paint (Non-RA),Left Side(L),8-16 ft.,8,-50,66,1,1,20220109,TOR,NOP
Shot Chart Detail,0022100599,124,1630567,Scottie Barnes,1610612761,Toronto Raptors,1,0,43,Made Shot,Pullup Jump shot,2PT Field Goal,Mid-Range,Right Side(R),16-24 ft.,22,183,126,1,1,20220109,TOR,NOP
Shot Chart Detail,0022100599,152,1630567,Scottie Barnes,1610612761,Toronto Raptors,2,10,0,Made Shot,Jump Shot,3PT Field Goal,Left Corner 3,Left Side(L),24+ ft.,22,-223,17,1,1,20220109,TOR,NOP
Shot Chart Detail,0022100633,122,1630567,Scottie Barnes,1610612761,Toronto Raptors,1,3,47,Made Shot,Putback Layup Shot,2PT Field Goal,Restricted Area,Center(C),Less Than 8 ft.,0,0,0,1,1,20220114,DET,TOR
Shot Chart Detail,0022100633,513,1630567,Scottie Barnes,1610612761,Toronto Raptors,3,1,13,Made Shot,Turnaround Bank Hook Shot,2PT Field Goal,In The Paint (Non-RA),Center(C),Less Than 8 ft.,6,-51,41,1,1,20220114,DET,TOR
Shot Chart Detail,0022100633,517,1630567,Scottie Barnes,1610612761,Toronto Raptors,3,0,34,Made Shot,Floating Jump shot,2PT Field Goal,In The Paint (Non-RA),Right Side(R),8-16 ft.,9,53,78,1,1,20220114,DET,TOR
Shot Chart Detail,0022100633,535,1630567,Scottie Barnes,1610612761,Toronto Raptors,4,11,15,Made Shot,Floating Jump shot,2PT Field Goal,In The Paint (Non-RA),Center(C),Less Than 8 ft.,6,37,53,1,1,20220114,DET,TOR
Shot Chart Detail,0022100662,18,1630567,Scottie Barnes,1610612761,Toronto Raptors,1,10,13,Made Shot,Turnaround Hook Shot,2PT Field Goal,In The Paint (Non-RA),Center(C),8-16 ft.,10,-42,92,1,1,20220117,MIA,TOR
Shot Chart Detail,0022100662,277,1630567,Scottie Barnes,1610612761,Toronto Raptors,2,3,46,Made Shot,Tip Layup Shot,2PT Field Goal,Restricted Area,Center(C),Less Than 8 ft.,0,0,0,1,1,20220117,MIA,TOR
Shot Chart Detail,0022100662,311,1630567,Scottie Barnes,1610612761,Toronto Raptors,2,1,8,Made Shot,Turnaround Hook Shot,2PT Field Goal,Restricted Area,Center(C),Less Than 8 ft.,3,-36,16,1,1,20220117,MIA,TOR
Shot Chart Detail,0022100662,351,1630567,Scottie Barnes,1610612761,Toronto Raptors,3,10,11,Made Shot,Jump Shot,3PT Field Goal,Above the Break 3,Left Side Center(LC),24+ ft.,24,-227,93,1,1,20220117,MIA,TOR
Shot Chart Detail,0022100662,507,1630567,Scottie Barnes,1610612761,Toronto Raptors,4,9,9,Made Shot,Running Dunk Shot,2PT Field Goal,Restricted Area,Center(C),Less Than 8 ft.,2,-1,25,1,1,20220117,MIA,TOR
Shot Chart Detail,0022100662,520,1630567,Scottie Barnes,1610612761,Toronto Raptors,4,7,53,Made Shot,Jump Shot,3PT Field Goal,Right Corner 3,Right Side(R),24+ ft.,24,239,31,1,1,20220117,MIA,TOR
Shot Chart Detail,0022100675,14,1630567,Scottie Barnes,1610612761,Toronto Raptors,1,10,35,Made Shot,Tip Layup Shot,2PT Field Goal,Restricted Area,Center(C),Less Than 8 ft.,0,0,0,1,1,20220119,DAL,TOR
Shot Chart Detail,0022100675,39,1630567,Scottie Barnes,1610612761,Toronto Raptors,1,7,51,Made Shot,Turnaround Hook Shot,2PT Field Goal,In The Paint (Non-RA),Center(C),Less Than 8 ft.,4,-5,46,1,1,20220119,DAL,TOR
Shot Chart Detail,0022100675,328,1630567,Scottie Barnes,1610612761,Toronto Raptors,3,10,52,Made Shot,Jump Shot,3PT Field Goal,Above the Break 3,Right Side Center(RC),24+ ft.,24,167,185,1,1,20220119,DAL,TOR
Shot Chart Detail,0022100675,578,1630567,Scottie Barnes,1610612761,Toronto Raptors,4,3,50,Made Shot,Turnaround Jump Shot,2PT Field Goal,In The Paint (Non-RA),Left Side(L),8-16 ft.,9,-71,67,1,1,20220119,DAL,TOR
Shot Chart Detail,0022100689,85,1630567,Scottie Barnes,1610612761,Toronto Raptors,1,4,43,Made Shot,Layup Shot,2PT Field Goal,In The Paint (Non-RA),Center(C),Less Than 8 ft.,5,-36,35,1,1,20220121,WAS,TOR
Shot Chart Detail,0022100689,131,1630567,Scottie Barnes,1610612761,Toronto Raptors,1,1,27,Made Shot,Turnaround Hook Shot,2PT Field Goal,Mid-Range,Left Side(L),8-16 ft.,8,-82,26,1,1,20220121,WAS,TOR
Shot Chart Detail,0022100689,133,1630567,Scottie Barnes,1610612761,Toronto Raptors,1,0,57,Made Shot,Hook Shot,2PT Field Goal,In The Paint (Non-RA),Center(C),Less Than 8 ft.,6,-15,62,1,1,20220121,WAS,TOR
Shot Chart Detail,0022100689,223,1630567,Scottie Barnes,1610612761,Toronto Raptors,2,6,11,Made Shot,Layup Shot,2PT Field Goal,In The Paint (Non-RA),Center(C),Less Than 8 ft.,5,-37,42,1,1,20220121,WAS,TOR
Shot Chart Detail,0022100689,231,1630567,Scottie Barnes,1610612761,Toronto Raptors,2,5,17,Made Shot,Hook Shot,2PT Field Goal,In The Paint (Non-RA),Center(C),Less Than 8 ft.,7,-15,69,1,1,20220121,WAS,TOR
Shot Chart Detail,0022100689,244,1630567,Scottie Barnes,1610612761,Toronto Raptors,2,4,19,Made Shot,Dunk Shot,2PT Field Goal,Restricted Area,Center(C),Less Than 8 ft.,1,-2,17,1,1,20220121,WAS,TOR
Shot Chart Detail,0022100689,249,1630567,Scottie Barnes,1610612761,Toronto Raptors,2,3,55,Made Shot,Hook Shot,2PT Field Goal,In The Paint (Non-RA),Center(C),Less Than 8 ft.,6,-34,56,1,1,20220121,WAS,TOR
Shot Chart Detail,0022100689,281,1630567,Scottie Barnes,1610612761,Toronto Raptors,2,1,17,Made Shot,Dunk Shot,2PT Field Goal,Restricted Area,Center(C),Less Than 8 ft.,3,-15,26,1,1,20220121,WAS,TOR
Shot Chart Detail,0022100689,305,1630567,Scottie Barnes,1610612761,Toronto Raptors,3,10,53,Made Shot,Floating Jump shot,2PT Field Goal,Mid-Range,Left Side(L),8-16 ft.,15,-89,123,1,1,20220121,WAS,TOR
Shot Chart Detail,0022100689,309,1630567,Scottie Barnes,1610612761,Toronto Raptors,3,10,26,Made Shot,Hook Shot,2PT Field Goal,In The Paint (Non-RA),Center(C),Less Than 8 ft.,5,25,49,1,1,20220121,WAS,TOR
Shot Chart Detail,0022100689,336,1630567,Scottie Barnes,1610612761,Toronto Raptors,3,7,57,Made Shot,Pullup Jump shot,2PT Field Goal,Mid-Range,Left Side Center(LC),16-24 ft.,16,-98,134,1,1,20220121,WAS,TOR
Shot Chart Detail,0022100689,407,1630567,Scottie Barnes,1610612761,Toronto Raptors,3,2,12,Made Shot,Layup Shot,2PT Field Goal,Restricted Area,Center(C),Less Than 8 ft.,3,13,28,1,1,20220121,WAS,TOR
Shot Chart Detail,0022100702,342,1630567,Scottie Barnes,1610612761,Toronto Raptors,3,11,29,Made Shot,Jump Shot,3PT Field Goal,Above the Break 3,Left Side Center(LC),24+ ft.,26,-97,246,1,1,20220123,TOR,POR
Shot Chart Detail,0022100702,367,1630567,Scottie Barnes,1610612761,Toronto Raptors,3,9,15,Made Shot,Jump Shot,3PT Field Goal,Above the Break 3,Center(C),24+ ft.,25,55,248,1,1,20220123,TOR,POR
Shot Chart Detail,0022100702,394,1630567,Scottie Barnes,1610612761,Toronto Raptors,3,7,13,Made Shot,Jump Shot,3PT Field Goal,Above the Break 3,Right Side Center(RC),24+ ft.,24,229,94,1,1,20220123,TOR,POR
Shot Chart Detail,0022100726,27,1630567,Scottie Barnes,1610612761,Toronto Raptors,1,10,25,Made Shot,Jump Shot,3PT Field Goal,Above the Break 3,Left Side Center(LC),24+ ft.,25,-170,187,1,1,20220228,BKN,TOR
Shot Chart Detail,0022100726,44,1630567,Scottie Barnes,1610612761,Toronto Raptors,1,9,31,Made Shot,Cutting Dunk Shot,2PT Field Goal,Restricted Area,Center(C),Less Than 8 ft.,0,2,9,1,1,20220228,BKN,TOR
Shot Chart Detail,0022100726,60,1630567,Scottie Barnes,1610612761,Toronto Raptors,1,8,44,Made Shot,Floating Jump shot,2PT Field Goal,Mid-Range,Left Side(L),8-16 ft.,10,-108,-1,1,1,20220228,BKN,TOR
Shot Chart Detail,0022100726,86,1630567,Scottie Barnes,1610612761,Toronto Raptors,1,7,3,Made Shot,Layup Shot,2PT Field Goal,Restricted Area,Center(C),Less Than 8 ft.,1,-17,8,1,1,20220228,BKN,TOR
Shot Chart Detail,0022100726,176,1630567,Scottie Barnes,1610612761,Toronto Raptors,1,0,42,Made Shot,Tip Layup Shot,2PT Field Goal,Restricted Area,Center(C),Less Than 8 ft.,0,0,0,1,1,20220228,BKN,TOR
Shot Chart Detail,0022100726,229,1630567,Scottie Barnes,1610612761,Toronto Raptors,2,9,20,Made Shot,Driving Floating Jump Shot,2PT Field Goal,In The Paint (Non-RA),Center(C),Less Than 8 ft.,7,25,71,1,1,20220228,BKN,TOR
Shot Chart Detail,0022100726,297,1630567,Scottie Barnes,1610612761,Toronto Raptors,2,4,18,Made Shot,Tip Layup Shot,2PT Field Goal,Restricted Area,Center(C),Less Than 8 ft.,0,0,0,1,1,20220228,BKN,TOR
Shot Chart Detail,0022100726,317,1630567,Scottie Barnes,1610612761,Toronto Raptors,2,3,14,Made Shot,Putback Layup Shot,2PT Field Goal,Restricted Area,Center(C),Less Than 8 ft.,1,9,-6,1,1,20220228,BKN,TOR
Shot Chart Detail,0022100726,347,1630567,Scottie Barnes,1610612761,Toronto Raptors,2,1,10,Made Shot,Tip Layup Shot,2PT Field Goal,Restricted Area,Center(C),Less Than 8 ft.,0,0,0,1,1,20220228,BKN,TOR
Shot Chart Detail,0022100726,357,1630567,Scottie Barnes,1610612761,Toronto Raptors,2,0,15,Made Shot,Tip Layup Shot,2PT Field Goal,Restricted Area,Center(C),Less Than 8 ft.,0,0,0,1,1,20220228,BKN,TOR
Shot Chart Detail,0022100726,376,1630567,Scottie Barnes,1610612761,Toronto Raptors,3,11,31,Made Shot,Floating Jump shot,2PT Field Goal,Restricted Area,Center(C),Less Than 8 ft.,2,21,13,1,1,20220228,BKN,TOR
Shot Chart Detail,0022100726,577,1630567,Scottie Barnes,1610612761,Toronto Raptors,4,10,2,Made Shot,Tip Layup Shot,2PT Field Goal,Restricted Area,Center(C),Less Than 8 ft.,0,0,0,1,1,20220228,BKN,TOR
Shot Chart Detail,0022100748,173,1630567,Scottie Barnes,1610612761,Toronto Raptors,2,11,3,Made Shot,Jump Shot,3PT Field Goal,Right Corner 3,Right Side(R),24+ ft.,23,232,-1,1,1,20220129,MIA,TOR
Shot Chart Detail,0022100748,203,1630567,Scottie Barnes,1610612761,Toronto Raptors,2,8,25,Made Shot,Running Layup Shot,2PT Field Goal,In The Paint (Non-RA),Center(C),Less Than 8 ft.,5,48,32,1,1,20220129,MIA,TOR
Shot Chart Detail,0022100748,206,1630567,Scottie Barnes,1610612761,Toronto Raptors,2,7,42,Made Shot,Jump Shot,3PT Field Goal,Above the Break 3,Right Side Center(RC),24+ ft.,26,116,233,1,1,20220129,MIA,TOR
Shot Chart Detail,0022100748,244,1630567,Scottie Barnes,1610612761,Toronto Raptors,2,5,12,Made Shot,Alley Oop Dunk Shot,2PT Field Goal,Restricted Area,Center(C),Less Than 8 ft.,1,-12,6,1,1,20220129,MIA,TOR
Shot Chart Detail,0022100748,284,1630567,Scottie Barnes,1610612761,Toronto Raptors,2,2,23,Made Shot,Turnaround Jump Shot,2PT Field Goal,In The Paint (Non-RA),Center(C),Less Than 8 ft.,6,12,67,1,1,20220129,MIA,TOR
Shot Chart Detail,0022100748,397,1630567,Scottie Barnes,1610612761,Toronto Raptors,3,5,34,Made Shot,Jump Shot,3PT Field Goal,Above the Break 3,Left Side Center(LC),24+ ft.,25,-218,135,1,1,20220129,MIA,TOR
Shot Chart Detail,0022100748,564,1630567,Scottie Barnes,1610612761,Toronto Raptors,4,5,15,Made Shot,Putback Layup Shot,2PT Field Goal,Restricted Area,Center(C),Less Than 8 ft.,2,20,8,1,1,20220129,MIA,TOR
Shot Chart Detail,0022100767,66,1630567,Scottie Barnes,1610612761,Toronto Raptors,1,4,51,Made Shot,Running Layup Shot,2PT Field Goal,Restricted Area,Center(C),Less Than 8 ft.,0,-1,6,1,1,20220131,ATL,TOR
Shot Chart Detail,0022100767,149,1630567,Scottie Barnes,1610612761,Toronto Raptors,1,0,41,Made Shot,Layup Shot,2PT Field Goal,In The Paint (Non-RA),Center(C),Less Than 8 ft.,4,29,29,1,1,20220131,ATL,TOR
Shot Chart Detail,0022100767,366,1630567,Scottie Barnes,1610612761,Toronto Raptors,3,6,28,Made Shot,Driving Layup Shot,2PT Field Goal,Restricted Area,Center(C),Less Than 8 ft.,3,29,25,1,1,20220131,ATL,TOR
Shot Chart Detail,0022100784,57,1630567,Scottie Barnes,1610612761,Toronto Raptors,1,7,10,Made Shot,Pullup Jump shot,2PT Field Goal,Mid-Range,Right Side Center(RC),16-24 ft.,16,109,126,1,1,20220201,TOR,MIA
Shot Chart Detail,0022100784,105,1630567,Scottie Barnes,1610612761,Toronto Raptors,1,3,39,Made Shot,Running Layup Shot,2PT Field Goal,Restricted Area,Center(C),Less Than 8 ft.,2,15,22,1,1,20220201,TOR,MIA
Shot Chart Detail,0022100784,117,1630567,Scottie Barnes,1610612761,Toronto Raptors,1,2,14,Made Shot,Jump Shot,3PT Field Goal,Right Corner 3,Right Side(R),24+ ft.,23,224,67,1,1,20220201,TOR,MIA
Shot Chart Detail,0022100784,214,1630567,Scottie Barnes,1610612761,Toronto Raptors,2,8,5,Made Shot,Floating Jump shot,2PT Field Goal,In The Paint (Non-RA),Center(C),Less Than 8 ft.,5,-4,54,1,1,20220201,TOR,MIA
Shot Chart Detail,0022100784,615,1630567,Scottie Barnes,1610612761,Toronto Raptors,4,1,43,Made Shot,Tip Layup Shot,2PT Field Goal,Restricted Area,Center(C),Less Than 8 ft.,2,23,14,1,1,20220201,TOR,MIA
Shot Chart Detail,0022100790,22,1630567,Scottie Barnes,1610612761,Toronto Raptors,1,9,47,Made Shot,Alley Oop Layup shot,2PT Field Goal,Restricted Area,Center(C),Less Than 8 ft.,0,5,5,1,1,20220204,TOR,ATL
Shot Chart Detail,0022100790,52,1630567,Scottie Barnes,1610612761,Toronto Raptors,1,6,38,Made Shot,Floating Jump shot,2PT Field Goal,In The Paint (Non-RA),Center(C),Less Than 8 ft.,7,16,75,1,1,20220204,TOR,ATL
Shot Chart Detail,0022100790,215,1630567,Scottie Barnes,1610612761,Toronto Raptors,2,7,7,Made Shot,Driving Layup Shot,2PT Field Goal,Restricted Area,Center(C),Less Than 8 ft.,0,-1,8,1,1,20220204,TOR,ATL
Shot Chart Detail,0022100790,478,1630567,Scottie Barnes,1610612761,Toronto Raptors,4,11,9,Made Shot,Turnaround Hook Shot,2PT Field Goal,Restricted Area,Center(C),Less Than 8 ft.,3,-5,32,1,1,20220204,TOR,ATL
Shot Chart Detail,0022100790,576,1630567,Scottie Barnes,1610612761,Toronto Raptors,4,2,20,Made Shot,Running Layup Shot,2PT Field Goal,Restricted Area,Center(C),Less Than 8 ft.,1,-1,14,1,1,20220204,TOR,ATL
Shot Chart Detail,0022100790,592,1630567,Scottie Barnes,1610612761,Toronto Raptors,4,0,49,Made Shot,Jump Shot,3PT Field Goal,Above the Break 3,Center(C),24+ ft.,27,12,271,1,1,20220204,TOR,ATL
Shot Chart Detail,0022100810,23,1630567,Scottie Barnes,1610612761,Toronto Raptors,1,10,18,Made Shot,Hook Shot,2PT Field Goal,In The Paint (Non-RA),Center(C),Less Than 8 ft.,6,1,69,1,1,20220207,CHA,TOR
Shot Chart Detail,0022100810,223,1630567,Scottie Barnes,1610612761,Toronto Raptors,2,6,21,Made Shot,Floating Jump shot,2PT Field Goal,In The Paint (Non-RA),Center(C),Less Than 8 ft.,4,-11,45,1,1,20220207,CHA,TOR
Shot Chart Detail,0022100810,357,1630567,Scottie Barnes,1610612761,Toronto Raptors,3,6,37,Made Shot,Jump Shot,3PT Field Goal,Right Corner 3,Right Side(R),24+ ft.,23,233,5,1,1,20220207,CHA,TOR
Shot Chart Detail,0022100810,616,1630567,Scottie Barnes,1610612761,Toronto Raptors,4,1,4,Made Shot,Layup Shot,2PT Field Goal,Restricted Area,Center(C),Less Than 8 ft.,1,-5,18,1,1,20220207,CHA,TOR
Shot Chart Detail,0022100827,135,1630567,Scottie Barnes,1610612761,Toronto Raptors,1,1,47,Made Shot,Layup Shot,2PT Field Goal,In The Paint (Non-RA),Center(C),Less Than 8 ft.,4,39,21,1,1,20220209,OKC,TOR
Shot Chart Detail,0022100827,269,1630567,Scottie Barnes,1610612761,Toronto Raptors,2,2,51,Made Shot,Layup Shot,2PT Field Goal,In The Paint (Non-RA),Center(C),Less Than 8 ft.,5,-38,34,1,1,20220209,OKC,TOR
Shot Chart Detail,0022100827,419,1630567,Scottie Barnes,1610612761,Toronto Raptors,3,3,8,Made Shot,Layup Shot,2PT Field Goal,In The Paint (Non-RA),Center(C),Less Than 8 ft.,7,-27,74,1,1,20220209,OKC,TOR
Shot Chart Detail,0022100827,561,1630567,Scottie Barnes,1610612761,Toronto Raptors,4,3,59,Made Shot,Running Layup Shot,2PT Field Goal,In The Paint (Non-RA),Center(C),Less Than 8 ft.,5,37,43,1,1,20220209,OKC,TOR
Shot Chart Detail,0022100827,582,1630567,Scottie Barnes,1610612761,Toronto Raptors,4,1,55,Made Shot,Jump Shot,3PT Field Goal,Above the Break 3,Left Side Center(LC),24+ ft.,26,-185,183,1,1,20220209,OKC,TOR
Shot Chart Detail,0022100834,126,1630567,Scottie Barnes,1610612761,Toronto Raptors,1,2,13,Made Shot,Layup Shot,2PT Field Goal,Restricted Area,Center(C),Less Than 8 ft.,0,1,6,1,1,20220210,HOU,TOR
Shot Chart Detail,0022100834,151,1630567,Scottie Barnes,1610612761,Toronto Raptors,1,0,36,Made Shot,Jump Shot,3PT Field Goal,Left Corner 3,Left Side(L),24+ ft.,24,-237,73,1,1,20220210,HOU,TOR
Shot Chart Detail,0022100834,593,1630567,Scottie Barnes,1610612761,Toronto Raptors,4,5,50,Made Shot,Floating Jump shot,2PT Field Goal,In The Paint (Non-RA),Center(C),Less Than 8 ft.,5,-1,57,1,1,20220210,HOU,TOR
Shot Chart Detail,0022100834,647,1630567,Scottie Barnes,1610612761,Toronto Raptors,4,2,36,Made Shot,Driving Finger Roll Layup Shot,2PT Field Goal,Restricted Area,Center(C),Less Than 8 ft.,3,-6,34,1,1,20220210,HOU,TOR
Shot Chart Detail,0022100850,28,1630567,Scottie Barnes,1610612761,Toronto Raptors,1,9,2,Made Shot,Turnaround Hook Shot,2PT Field Goal,In The Paint (Non-RA),Center(C),Less Than 8 ft.,4,-10,47,1,1,20220212,TOR,DEN
Shot Chart Detail,0022100850,46,1630567,Scottie Barnes,1610612761,Toronto Raptors,1,6,55,Made Shot,Driving Hook Shot,2PT Field Goal,In The Paint (Non-RA),Center(C),Less Than 8 ft.,6,-50,39,1,1,20220212,TOR,DEN
Shot Chart Detail,0022100850,115,1630567,Scottie Barnes,1610612761,Toronto Raptors,1,1,44,Made Shot,Putback Layup Shot,2PT Field Goal,Restricted Area,Center(C),Less Than 8 ft.,0,-4,4,1,1,20220212,TOR,DEN
Shot Chart Detail,0022100850,361,1630567,Scottie Barnes,1610612761,Toronto Raptors,3,6,41,Made Shot,Reverse Layup Shot,2PT Field Goal,Restricted Area,Center(C),Less Than 8 ft.,2,-21,13,1,1,20220212,TOR,DEN
Shot Chart Detail,0022100850,378,1630567,Scottie Barnes,1610612761,Toronto Raptors,3,5,8,Made Shot,Floating Jump shot,2PT Field Goal,In The Paint (Non-RA),Center(C),8-16 ft.,8,5,88,1,1,20220212,TOR,DEN
Shot Chart Detail,0022100850,431,1630567,Scottie Barnes,1610612761,Toronto Raptors,3,1,0,Made Shot,Floating Jump shot,2PT Field Goal,In The Paint (Non-RA),Center(C),Less Than 8 ft.,7,-18,69,1,1,20220212,TOR,DEN
Shot Chart Detail,0022100850,561,1630567,Scottie Barnes,1610612761,Toronto Raptors,4,2,33,Made Shot,Floating Jump shot,2PT Field Goal,In The Paint (Non-RA),Center(C),8-16 ft.,10,2,109,1,1,20220212,TOR,DEN
Shot Chart Detail,0022100863,26,1630567,Scottie Barnes,1610612761,Toronto Raptors,1,9,53,Made Shot,Putback Layup Shot,2PT Field Goal,Restricted Area,Center(C),Less Than 8 ft.,3,20,29,1,1,20220214,NOP,TOR
Shot Chart Detail,0022100863,592,1630567,Scottie Barnes,1610612761,Toronto Raptors,4,5,10,Made Shot,Layup Shot,2PT Field Goal,Restricted Area,Center(C),Less Than 8 ft.,2,-9,28,1,1,20220214,NOP,TOR
Shot Chart Detail,0022100880,24,1630567,Scottie Barnes,1610612761,Toronto Raptors,1,10,3,Made Shot,Jump Shot,3PT Field Goal,Right Corner 3,Right Side(R),24+ ft.,22,227,27,1,1,20220216,MIN,TOR
Shot Chart Detail,0022100880,75,1630567,Scottie Barnes,1610612761,Toronto Raptors,1,5,30,Made Shot,Running Dunk Shot,2PT Field Goal,Restricted Area,Center(C),Less Than 8 ft.,1,-5,18,1,1,20220216,MIN,TOR
Shot Chart Detail,0022100880,98,1630567,Scottie Barnes,1610612761,Toronto Raptors,1,3,44,Made Shot,Cutting Dunk Shot,2PT Field Goal,Restricted Area,Center(C),Less Than 8 ft.,1,-13,8,1,1,20220216,MIN,TOR
Shot Chart Detail,0022100880,278,1630567,Scottie Barnes,1610612761,Toronto Raptors,2,2,38,Made Shot,Jump Shot,2PT Field Goal,Mid-Range,Right Side(R),8-16 ft.,12,129,1,1,1,20220216,MIN,TOR
Shot Chart Detail,0022100896,62,1630567,Scottie Barnes,1610612761,Toronto Raptors,1,7,6,Made Shot,Cutting Layup Shot,2PT Field Goal,Restricted Area,Center(C),Less Than 8 ft.,0,9,0,1,1,20220225,CHA,TOR
Shot Chart Detail,0022100896,66,1630567,Scottie Barnes,1610612761,Toronto Raptors,1,6,48,Made Shot,Running Layup Shot,2PT Field Goal,Restricted Area,Center(C),Less Than 8 ft.,0,4,5,1,1,20220225,CHA,TOR
Shot Chart Detail,0022100896,246,1630567,Scottie Barnes,1610612761,Toronto Raptors,2,6,14,Made Shot,Floating Jump shot,2PT Field Goal,Restricted Area,Center(C),Less Than 8 ft.,3,7,31,1,1,20220225,CHA,TOR
Shot Chart Detail,0022100896,255,1630567,Scottie Barnes,1610612761,Toronto Raptors,2,5,36,Made Shot,Putback Layup Shot,2PT Field Goal,Restricted Area,Center(C),Less Than 8 ft.,1,-1,16,1,1,20220225,CHA,TOR
Shot Chart Detail,0022100896,258,1630567,Scottie Barnes,1610612761,Toronto Raptors,2,5,0,Made Shot,Layup Shot,2PT Field Goal,Restricted Area,Center(C),Less Than 8 ft.,1,-11,3,1,1,20220225,CHA,TOR
Shot Chart Detail,0022100896,265,1630567,Scottie Barnes,1610612761,Toronto Raptors,2,3,56,Made Shot,Cutting Layup Shot,2PT Field Goal,Restricted Area,Center(C),Less Than 8 ft.,0,6,4,1,1,20220225,CHA,TOR
Shot Chart Detail,0022100896,273,1630567,Scottie Barnes,1610612761,Toronto Raptors,2,3,17,Made Shot,Dunk Shot,2PT Field Goal,Restricted Area,Center(C),Less Than 8 ft.,2,2,21,1,1,20220225,CHA,TOR
Shot Chart Detail,0022100896,277,1630567,Scottie Barnes,1610612761,Toronto Raptors,2,2,39,Made Shot,Cutting Dunk Shot,2PT Field Goal,Restricted Area,Center(C),Less Than 8 ft.,2,-11,25,1,1,20220225,CHA,TOR
Shot Chart Detail,0022100896,423,1630567,Scottie Barnes,1610612761,Toronto Raptors,3,2,53,Made Shot,Turnaround Hook Shot,2PT Field Goal,In The Paint (Non-RA),Center(C),Less Than 8 ft.,6,-22,62,1,1,20220225,CHA,TOR
Shot Chart Detail,0022100896,451,1630567,Scottie Barnes,1610612761,Toronto Raptors,3,0,48,Made Shot,Hook Shot,2PT Field Goal,In The Paint (Non-RA),Center(C),Less Than 8 ft.,7,-65,36,1,1,20220225,CHA,TOR
Shot Chart Detail,0022100896,483,1630567,Scottie Barnes,1610612761,Toronto Raptors,4,11,4,Made Shot,Jump Shot,2PT Field Goal,Mid-Range,Right Side Center(RC),16-24 ft.,20,124,164,1,1,20220225,CHA,TOR
Shot Chart Detail,0022100896,515,1630567,Scottie Barnes,1610612761,Toronto Raptors,4,8,50,Made Shot,Cutting Layup Shot,2PT Field Goal,Restricted Area,Center(C),Less Than 8 ft.,1,4,18,1,1,20220225,CHA,TOR
Shot Chart Detail,0022100896,561,1630567,Scottie Barnes,1610612761,Toronto Raptors,4,5,1,Made Shot,Jump Shot,2PT Field Goal,Mid-Range,Left Side Center(LC),16-24 ft.,22,-163,152,1,1,20220225,CHA,TOR
Shot Chart Detail,0022100906,62,1630567,Scottie Barnes,1610612761,Toronto Raptors,1,7,14,Made Shot,Layup Shot,2PT Field Goal,Restricted Area,Center(C),Less Than 8 ft.,1,6,8,1,1,20220226,ATL,TOR
Shot Chart Detail,0022100906,65,1630567,Scottie Barnes,1610612761,Toronto Raptors,1,6,49,Made Shot,Step Back Jump shot,2PT Field Goal,Mid-Range,Center(C),8-16 ft.,14,13,143,1,1,20220226,ATL,TOR
Shot Chart Detail,0022100906,574,1630567,Scottie Barnes,1610612761,Toronto Raptors,4,8,12,Made Shot,Floating Jump shot,2PT Field Goal,In The Paint (Non-RA),Center(C),Less Than 8 ft.,7,-9,73,1,1,20220226,ATL,TOR
Shot Chart Detail,0022100928,23,1630567,Scottie Barnes,1610612761,Toronto Raptors,1,10,2,Made Shot,Driving Hook Shot,2PT Field Goal,In The Paint (Non-RA),Center(C),8-16 ft.,9,-7,92,1,1,20220301,TOR,BKN
Shot Chart Detail,0022100928,47,1630567,Scottie Barnes,1610612761,Toronto Raptors,1,7,11,Made Shot,Turnaround Jump Shot,2PT Field Goal,In The Paint (Non-RA),Center(C),Less Than 8 ft.,5,-53,11,1,1,20220301,TOR,BKN
Shot Chart Detail,0022100928,60,1630567,Scottie Barnes,1610612761,Toronto Raptors,1,6,17,Made Shot,Running Dunk Shot,2PT Field Goal,Restricted Area,Center(C),Less Than 8 ft.,0,4,4,1,1,20220301,TOR,BKN
Shot Chart Detail,0022100928,64,1630567,Scottie Barnes,1610612761,Toronto Raptors,1,5,46,Made Shot,Cutting Dunk Shot,2PT Field Goal,Restricted Area,Center(C),Less Than 8 ft.,0,-1,6,1,1,20220301,TOR,BKN
Shot Chart Detail,0022100928,247,1630567,Scottie Barnes,1610612761,Toronto Raptors,2,4,34,Made Shot,Running Dunk Shot,2PT Field Goal,Restricted Area,Center(C),Less Than 8 ft.,0,-1,0,1,1,20220301,TOR,BKN
Shot Chart Detail,0022100928,336,1630567,Scottie Barnes,1610612761,Toronto Raptors,3,10,30,Made Shot,Layup Shot,2PT Field Goal,Restricted Area,Center(C),Less Than 8 ft.,2,12,19,1,1,20220301,TOR,BKN
Shot Chart Detail,0022100928,373,1630567,Scottie Barnes,1610612761,Toronto Raptors,3,7,44,Made Shot,Floating Jump shot,2PT Field Goal,In The Paint (Non-RA),Center(C),8-16 ft.,8,27,77,1,1,20220301,TOR,BKN
Shot Chart Detail,0022100928,579,1630567,Scottie Barnes,1610612761,Toronto Raptors,4,4,6,Made Shot,Turnaround Fadeaway shot,2PT Field Goal,Mid-Range,Right Side(R),8-16 ft.,15,153,19,1,1,20220301,TOR,BKN
Shot Chart Detail,0022100942,174,1630567,Scottie Barnes,1610612761,Toronto Raptors,2,10,25,Made Shot,Turnaround Bank Hook Shot,2PT Field Goal,In The Paint (Non-RA),Center(C),Less Than 8 ft.,5,-32,49,1,1,20220303,TOR,DET
Shot Chart Detail,0022100942,291,1630567,Scottie Barnes,1610612761,Toronto Raptors,2,1,55,Made Shot,Turnaround Hook Shot,2PT Field Goal,In The Paint (Non-RA),Center(C),Less Than 8 ft.,5,-5,59,1,1,20220303,TOR,DET
Shot Chart Detail,0022100942,310,1630567,Scottie Barnes,1610612761,Toronto Raptors,2,0,29,Made Shot,Driving Hook Shot,2PT Field Goal,In The Paint (Non-RA),Center(C),8-16 ft.,8,-10,81,1,1,20220303,TOR,DET
Shot Chart Detail,0022100942,340,1630567,Scottie Barnes,1610612761,Toronto Raptors,3,10,54,Made Shot,Pullup Jump shot,2PT Field Goal,Mid-Range,Center(C),8-16 ft.,15,25,148,1,1,20220303,TOR,DET
Shot Chart Detail,0022100942,376,1630567,Scottie Barnes,1610612761,Toronto Raptors,3,6,56,Made Shot,Running Dunk Shot,2PT Field Goal,Restricted Area,Center(C),Less Than 8 ft.,2,2,21,1,1,20220303,TOR,DET
Shot Chart Detail,0022100942,580,1630567,Scottie Barnes,1610612761,Toronto Raptors,4,6,35,Made Shot,Driving Dunk Shot,2PT Field Goal,Restricted Area,Center(C),Less Than 8 ft.,0,6,5,1,1,20220303,TOR,DET
Shot Chart Detail,0022100942,601,1630567,Scottie Barnes,1610612761,Toronto Raptors,4,4,55,Made Shot,Jump Bank Shot,3PT Field Goal,Above the Break 3,Center(C),24+ ft.,26,2,262,1,1,20220303,TOR,DET
Shot Chart Detail,0022100962,41,1630567,Scottie Barnes,1610612761,Toronto Raptors,1,8,40,Made Shot,Running Layup Shot,2PT Field Goal,Restricted Area,Center(C),Less Than 8 ft.,1,12,10,1,1,20220306,CLE,TOR
Shot Chart Detail,0022100962,73,1630567,Scottie Barnes,1610612761,Toronto Raptors,1,5,43,Made Shot,Driving Floating Bank Jump Shot,2PT Field Goal,Mid-Range,Right Side(R),8-16 ft.,8,83,19,1,1,20220306,CLE,TOR
Shot Chart Detail,0022100962,211,1630567,Scottie Barnes,1610612761,Toronto Raptors,2,9,4,Made Shot,Putback Layup Shot,2PT Field Goal,Restricted Area,Center(C),Less Than 8 ft.,0,6,3,1,1,20220306,CLE,TOR
Shot Chart Detail,0022100962,306,1630567,Scottie Barnes,1610612761,Toronto Raptors,2,2,31,Made Shot,Turnaround Hook Shot,2PT Field Goal,In The Paint (Non-RA),Center(C),Less Than 8 ft.,5,1,51,1,1,20220306,CLE,TOR
Shot Chart Detail,0022100962,362,1630567,Scottie Barnes,1610612761,Toronto Raptors,3,10,56,Made Shot,Jump Shot,2PT Field Goal,Mid-Range,Left Side(L),8-16 ft.,11,-108,52,1,1,20220306,CLE,TOR
Shot Chart Detail,0022100962,587,1630567,Scottie Barnes,1610612761,Toronto Raptors,4,6,57,Made Shot,Driving Floating Jump Shot,2PT Field Goal,In The Paint (Non-RA),Center(C),Less Than 8 ft.,6,2,67,1,1,20220306,CLE,TOR
Shot Chart Detail,0022100962,643,1630567,Scottie Barnes,1610612761,Toronto Raptors,4,2,39,Made Shot,Turnaround Jump Shot,2PT Field Goal,In The Paint (Non-RA),Center(C),Less Than 8 ft.,5,36,47,1,1,20220306,CLE,TOR
Shot Chart Detail,0022100962,654,1630567,Scottie Barnes,1610612761,Toronto Raptors,4,2,2,Made Shot,Driving Floating Jump Shot,2PT Field Goal,In The Paint (Non-RA),Center(C),Less Than 8 ft.,7,-31,67,1,1,20220306,CLE,TOR
Shot Chart Detail,0022100989,63,1630567,Scottie Barnes,1610612761,Toronto Raptors,1,6,20,Made Shot,Layup Shot,2PT Field Goal,Restricted Area,Center(C),Less Than 8 ft.,2,21,5,1,1,20220309,SAS,TOR
Shot Chart Detail,0022100989,327,1630567,Scottie Barnes,1610612761,Toronto Raptors,3,11,25,Made Shot,Turnaround Bank Hook Shot,2PT Field Goal,In The Paint (Non-RA),Center(C),Less Than 8 ft.,5,-9,59,1,1,20220309,SAS,TOR
Shot Chart Detail,0022100989,362,1630567,Scottie Barnes,1610612761,Toronto Raptors,3,7,54,Made Shot,Driving Layup Shot,2PT Field Goal,Restricted Area,Center(C),Less Than 8 ft.,3,-26,17,1,1,20220309,SAS,TOR
Shot Chart Detail,0022100989,367,1630567,Scottie Barnes,1610612761,Toronto Raptors,3,7,34,Made Shot,Putback Layup Shot,2PT Field Goal,Restricted Area,Center(C),Less Than 8 ft.,0,0,0,1,1,20220309,SAS,TOR
Shot Chart Detail,0022100989,394,1630567,Scottie Barnes,1610612761,Toronto Raptors,3,6,6,Made Shot,Driving Layup Shot,2PT Field Goal,Restricted Area,Center(C),Less Than 8 ft.,2,15,23,1,1,20220309,SAS,TOR
Shot Chart Detail,0022100989,400,1630567,Scottie Barnes,1610612761,Toronto Raptors,3,5,5,Made Shot,Layup Shot,2PT Field Goal,Restricted Area,Center(C),Less Than 8 ft.,3,-26,20,1,1,20220309,SAS,TOR
Shot Chart Detail,0022100989,574,1630567,Scottie Barnes,1610612761,Toronto Raptors,4,4,39,Made Shot,Hook Shot,2PT Field Goal,In The Paint (Non-RA),Center(C),8-16 ft.,8,-1,81,1,1,20220309,SAS,TOR
Shot Chart Detail,0022100989,586,1630567,Scottie Barnes,1610612761,Toronto Raptors,4,3,35,Made Shot,Driving Floating Bank Jump Shot,2PT Field Goal,In The Paint (Non-RA),Left Side(L),8-16 ft.,8,-50,74,1,1,20220309,SAS,TOR
Shot Chart Detail,0022101003,9,1630567,Scottie Barnes,1610612761,Toronto Raptors,1,11,38,Made Shot,Alley Oop Layup shot,2PT Field Goal,Restricted Area,Center(C),Less Than 8 ft.,1,9,5,1,1,20220311,PHX,TOR
Shot Chart Detail,0022101003,17,1630567,Scottie Barnes,1610612761,Toronto Raptors,1,10,44,Made Shot,Turnaround Hook Shot,2PT Field Goal,In The Paint (Non-RA),Left Side(L),8-16 ft.,8,-80,35,1,1,20220311,PHX,TOR
Shot Chart Detail,0022101003,74,1630567,Scottie Barnes,1610612761,Toronto Raptors,1,5,45,Made Shot,Jump Shot,2PT Field Goal,Mid-Range,Left Side Center(LC),16-24 ft.,18,-107,156,1,1,20220311,PHX,TOR
Shot Chart Detail,0022101003,185,1630567,Scottie Barnes,1610612761,Toronto Raptors,2,10,17,Made Shot,Pullup Jump shot,3PT Field Goal,Above the Break 3,Left Side Center(LC),24+ ft.,25,-125,222,1,1,20220311,PHX,TOR
Shot Chart Detail,0022101003,312,1630567,Scottie Barnes,1610612761,Toronto Raptors,2,0,24,Made Shot,Putback Layup Shot,2PT Field Goal,Restricted Area,Center(C),Less Than 8 ft.,1,1,11,1,1,20220311,PHX,TOR
Shot Chart Detail,0022101003,365,1630567,Scottie Barnes,1610612761,Toronto Raptors,3,7,40,Made Shot,Turnaround Fadeaway Bank Jump Shot,2PT Field Goal,Mid-Range,Right Side(R),8-16 ft.,10,94,46,1,1,20220311,PHX,TOR
Shot Chart Detail,0022101003,606,1630567,Scottie Barnes,1610612761,Toronto Raptors,4,1,43,Made Shot,Running Dunk Shot,2PT Field Goal,Restricted Area,Center(C),Less Than 8 ft.,1,-7,-9,1,1,20220311,PHX,TOR
Shot Chart Detail,0022101009,28,1630567,Scottie Barnes,1610612761,Toronto Raptors,1,8,59,Made Shot,Driving Dunk Shot,2PT Field Goal,Restricted Area,Center(C),Less Than 8 ft.,1,1,14,1,1,20220312,DEN,TOR
Shot Chart Detail,0022101009,68,1630567,Scottie Barnes,1610612761,Toronto Raptors,1,5,20,Made Shot,Putback Dunk Shot,2PT Field Goal,Restricted Area,Center(C),Less Than 8 ft.,2,-25,9,1,1,20220312,DEN,TOR
Shot Chart Detail,0022101009,122,1630567,Scottie Barnes,1610612761,Toronto Raptors,1,2,5,Made Shot,Turnaround Hook Shot,2PT Field Goal,In The Paint (Non-RA),Center(C),Less Than 8 ft.,6,5,64,1,1,20220312,DEN,TOR
Shot Chart Detail,0022101009,171,1630567,Scottie Barnes,1610612761,Toronto Raptors,2,11,13,Made Shot,Running Layup Shot,2PT Field Goal,Restricted Area,Center(C),Less Than 8 ft.,3,29,16,1,1,20220312,DEN,TOR
Shot Chart Detail,0022101009,221,1630567,Scottie Barnes,1610612761,Toronto Raptors,2,7,4,Made Shot,Jump Shot,3PT Field Goal,Above the Break 3,Left Side Center(LC),24+ ft.,25,-180,180,1,1,20220312,DEN,TOR
Shot Chart Detail,0022101009,228,1630567,Scottie Barnes,1610612761,Toronto Raptors,2,6,32,Made Shot,Layup Shot,2PT Field Goal,Restricted Area,Center(C),Less Than 8 ft.,1,17,3,1,1,20220312,DEN,TOR
Shot Chart Detail,0022101009,257,1630567,Scottie Barnes,1610612761,Toronto Raptors,2,5,41,Made Shot,Putback Layup Shot,2PT Field Goal,Restricted Area,Center(C),Less Than 8 ft.,3,23,20,1,1,20220312,DEN,TOR
Shot Chart Detail,0022101009,366,1630567,Scottie Barnes,1610612761,Toronto Raptors,3,11,17,Made Shot,Pullup Jump shot,2PT Field Goal,In The Paint (Non-RA),Center(C),Less Than 8 ft.,5,0,55,1,1,20220312,DEN,TOR
Shot Chart Detail,0022101009,537,1630567,Scottie Barnes,1610612761,Toronto Raptors,4,11,23,Made Shot,Jump Shot,3PT Field Goal,Above the Break 3,Left Side Center(LC),24+ ft.,26,-196,174,1,1,20220312,DEN,TOR
Shot Chart Detail,0022101009,615,1630567,Scottie Barnes,1610612761,Toronto Raptors,4,4,15,Made Shot,Driving Layup Shot,2PT Field Goal,Restricted Area,Center(C),Less Than 8 ft.,2,20,16,1,1,20220312,DEN,TOR
Shot Chart Detail,0022101009,646,1630567,Scottie Barnes,1610612761,Toronto Raptors,4,1,25,Made Shot,Driving Layup Shot,2PT Field Goal,Restricted Area,Center(C),Less Than 8 ft.,2,1,25,1,1,20220312,DEN,TOR
Shot Chart Detail,0022101028,9,1630567,Scottie Barnes,1610612761,Toronto Raptors,1,11,31,Made Shot,Tip Layup Shot,2PT Field Goal,Restricted Area,Center(C),Less Than 8 ft.,0,0,0,1,1,20220314,LAL,TOR
Shot Chart Detail,0022101028,12,1630567,Scottie Barnes,1610612761,Toronto Raptors,1,10,58,Made Shot,Turnaround Hook Shot,2PT Field Goal,In The Paint (Non-RA),Center(C),Less Than 8 ft.,4,-7,43,1,1,20220314,LAL,TOR
Shot Chart Detail,0022101028,17,1630567,Scottie Barnes,1610612761,Toronto Raptors,1,10,19,Made Shot,Turnaround Jump Shot,2PT Field Goal,In The Paint (Non-RA),Center(C),Less Than 8 ft.,5,32,47,1,1,20220314,LAL,TOR
Shot Chart Detail,0022101028,36,1630567,Scottie Barnes,1610612761,Toronto Raptors,1,8,35,Made Shot,Cutting Layup Shot,2PT Field Goal,Restricted Area,Center(C),Less Than 8 ft.,0,5,4,1,1,20220314,LAL,TOR
Shot Chart Detail,0022101028,57,1630567,Scottie Barnes,1610612761,Toronto Raptors,1,6,53,Made Shot,Layup Shot,2PT Field Goal,Restricted Area,Center(C),Less Than 8 ft.,2,-2,21,1,1,20220314,LAL,TOR
Shot Chart Detail,0022101028,85,1630567,Scottie Barnes,1610612761,Toronto Raptors,1,4,56,Made Shot,Pullup Jump shot,2PT Field Goal,In The Paint (Non-RA),Center(C),8-16 ft.,12,-56,111,1,1,20220314,LAL,TOR
Shot Chart Detail,0022101028,115,1630567,Scottie Barnes,1610612761,Toronto Raptors,1,2,34,Made Shot,Jump Shot,3PT Field Goal,Above the Break 3,Left Side Center(LC),24+ ft.,25,-169,186,1,1,20220314,LAL,TOR
Shot Chart Detail,0022101028,177,1630567,Scottie Barnes,1610612761,Toronto Raptors,2,10,53,Made Shot,Running Layup Shot,2PT Field Goal,Restricted Area,Center(C),Less Than 8 ft.,1,5,15,1,1,20220314,LAL,TOR
Shot Chart Detail,0022101028,380,1630567,Scottie Barnes,1610612761,Toronto Raptors,3,10,14,Made Shot,Running Layup Shot,2PT Field Goal,Restricted Area,Center(C),Less Than 8 ft.,2,21,15,1,1,20220314,LAL,TOR
Shot Chart Detail,0022101044,60,1630567,Scottie Barnes,1610612761,Toronto Raptors,1,6,19,Made Shot,Pullup Jump shot,2PT Field Goal,Mid-Range,Center(C),8-16 ft.,14,-16,142,1,1,20220316,LAC,TOR
Shot Chart Detail,0022101044,73,1630567,Scottie Barnes,1610612761,Toronto Raptors,1,4,41,Made Shot,Driving Floating Bank Jump Shot,2PT Field Goal,In The Paint (Non-RA),Center(C),Less Than 8 ft.,4,43,11,1,1,20220316,LAC,TOR
Shot Chart Detail,0022101044,138,1630567,Scottie Barnes,1610612761,Toronto Raptors,2,11,44,Made Shot,Turnaround Bank Hook Shot,2PT Field Goal,In The Paint (Non-RA),Center(C),Less Than 8 ft.,7,-66,37,1,1,20220316,LAC,TOR
Shot Chart Detail,0022101044,280,1630567,Scottie Barnes,1610612761,Toronto Raptors,3,10,25,Made Shot,Step Back Jump shot,2PT Field Goal,Mid-Range,Right Side Center(RC),16-24 ft.,18,100,150,1,1,20220316,LAC,TOR
Shot Chart Detail,0022101044,413,1630567,Scottie Barnes,1610612761,Toronto Raptors,4,11,25,Made Shot,Jump Shot,3PT Field Goal,Above the Break 3,Center(C),24+ ft.,27,45,267,1,1,20220316,LAC,TOR
Shot Chart Detail,0022101044,449,1630567,Scottie Barnes,1610612761,Toronto Raptors,4,7,37,Made Shot,Running Dunk Shot,2PT Field Goal,Restricted Area,Center(C),Less Than 8 ft.,1,4,16,1,1,20220316,LAC,TOR
Shot Chart Detail,0022101044,503,1630567,Scottie Barnes,1610612761,Toronto Raptors,4,2,25,Made Shot,Driving Layup Shot,2PT Field Goal,Restricted Area,Center(C),Less Than 8 ft.,0,-1,9,1,1,20220316,LAC,TOR
Shot Chart Detail,0022101051,8,1630567,Scottie Barnes,1610612761,Toronto Raptors,1,11,24,Made Shot,Jump Shot,3PT Field Goal,Right Corner 3,Right Side(R),24+ ft.,23,232,18,1,1,20220318,TOR,LAL
Shot Chart Detail,0022101051,16,1630567,Scottie Barnes,1610612761,Toronto Raptors,1,10,27,Made Shot,Driving Hook Shot,2PT Field Goal,In The Paint (Non-RA),Center(C),Less Than 8 ft.,5,0,54,1,1,20220318,TOR,LAL
Shot Chart Detail,0022101051,28,1630567,Scottie Barnes,1610612761,Toronto Raptors,1,8,51,Made Shot,Driving Hook Shot,2PT Field Goal,In The Paint (Non-RA),Center(C),Less Than 8 ft.,6,-11,63,1,1,20220318,TOR,LAL
Shot Chart Detail,0022101051,32,1630567,Scottie Barnes,1610612761,Toronto Raptors,1,8,31,Made Shot,Running Jump Shot,2PT Field Goal,In The Paint (Non-RA),Center(C),Less Than 8 ft.,6,13,60,1,1,20220318,TOR,LAL
Shot Chart Detail,0022101051,179,1630567,Scottie Barnes,1610612761,Toronto Raptors,2,11,13,Made Shot,Driving Floating Jump Shot,2PT Field Goal,In The Paint (Non-RA),Center(C),Less Than 8 ft.,5,-40,44,1,1,20220318,TOR,LAL
Shot Chart Detail,0022101051,337,1630567,Scottie Barnes,1610612761,Toronto Raptors,3,11,25,Made Shot,Running Dunk Shot,2PT Field Goal,Restricted Area,Center(C),Less Than 8 ft.,1,9,11,1,1,20220318,TOR,LAL
Shot Chart Detail,0022101051,341,1630567,Scottie Barnes,1610612761,Toronto Raptors,3,10,37,Made Shot,Step Back Jump shot,2PT Field Goal,Mid-Range,Left Side Center(LC),16-24 ft.,19,-85,180,1,1,20220318,TOR,LAL
Shot Chart Detail,0022101051,348,1630567,Scottie Barnes,1610612761,Toronto Raptors,3,9,58,Made Shot,Driving Floating Jump Shot,2PT Field Goal,In The Paint (Non-RA),Center(C),Less Than 8 ft.,7,-17,69,1,1,20220318,TOR,LAL
Shot Chart Detail,0022101051,363,1630567,Scottie Barnes,1610612761,Toronto Raptors,3,8,24,Made Shot,Running Layup Shot,2PT Field Goal,In The Paint (Non-RA),Center(C),Less Than 8 ft.,5,37,40,1,1,20220318,TOR,LAL
Shot Chart Detail,0022101051,391,1630567,Scottie Barnes,1610612761,Toronto Raptors,3,6,50,Made Shot,Driving Floating Jump Shot,2PT Field Goal,In The Paint (Non-RA),Center(C),8-16 ft.,9,-29,89,1,1,20220318,TOR,LAL
Shot Chart Detail,0022101051,467,1630567,Scottie Barnes,1610612761,Toronto Raptors,3,0,40,Made Shot,Turnaround Jump Shot,2PT Field Goal,In The Paint (Non-RA),Center(C),Less Than 8 ft.,6,5,61,1,1,20220318,TOR,LAL
Shot Chart Detail,0022101051,578,1630567,Scottie Barnes,1610612761,Toronto Raptors,4,3,3,Made Shot,Driving Dunk Shot,2PT Field Goal,Restricted Area,Center(C),Less Than 8 ft.,1,-1,19,1,1,20220318,TOR,LAL
Shot Chart Detail,0022101051,582,1630567,Scottie Barnes,1610612761,Toronto Raptors,4,2,17,Made Shot,Driving Floating Jump Shot,2PT Field Goal,In The Paint (Non-RA),Right Side(R),8-16 ft.,10,51,88,1,1,20220318,TOR,LAL
Shot Chart Detail,0022101051,647,1630567,Scottie Barnes,1610612761,Toronto Raptors,5,2,0,Made Shot,Floating Jump shot,2PT Field Goal,In The Paint (Non-RA),Center(C),Less Than 8 ft.,7,27,66,1,1,20220318,TOR,LAL
Shot Chart Detail,0022101069,26,1630567,Scottie Barnes,1610612761,Toronto Raptors,1,9,37,Made Shot,Pullup Jump shot,2PT Field Goal,In The Paint (Non-RA),Center(C),Less Than 8 ft.,6,1,64,1,1,20220320,PHI,TOR
Shot Chart Detail,0022101069,89,1630567,Scottie Barnes,1610612761,Toronto Raptors,1,4,0,Made Shot,Jump Shot,3PT Field Goal,Above the Break 3,Left Side Center(LC),24+ ft.,25,-206,148,1,1,20220320,PHI,TOR
Shot Chart Detail,0022101069,93,1630567,Scottie Barnes,1610612761,Toronto Raptors,1,3,32,Made Shot,Layup Shot,2PT Field Goal,Restricted Area,Center(C),Less Than 8 ft.,0,4,-5,1,1,20220320,PHI,TOR
Shot Chart Detail,0022101069,296,1630567,Scottie Barnes,1610612761,Toronto Raptors,2,0,2,Made Shot,Tip Layup Shot,2PT Field Goal,Restricted Area,Center(C),Less Than 8 ft.,0,0,0,1,1,20220320,PHI,TOR
Shot Chart Detail,0022101069,330,1630567,Scottie Barnes,1610612761,Toronto Raptors,3,9,58,Made Shot,Turnaround Jump Shot,2PT Field Goal,In The Paint (Non-RA),Left Side(L),8-16 ft.,13,-70,114,1,1,20220320,PHI,TOR
Shot Chart Detail,0022101069,476,1630567,Scottie Barnes,1610612761,Toronto Raptors,4,10,38,Made Shot,Running Dunk Shot,2PT Field Goal,Restricted Area,Center(C),Less Than 8 ft.,2,13,19,1,1,20220320,PHI,TOR
Shot Chart Detail,0022101076,37,1630567,Scottie Barnes,1610612761,Toronto Raptors,1,9,1,Made Shot,Cutting Dunk Shot,2PT Field Goal,Restricted Area,Center(C),Less Than 8 ft.,0,0,4,1,1,20220321,CHI,TOR
Shot Chart Detail,0022101076,227,1630567,Scottie Barnes,1610612761,Toronto Raptors,2,6,31,Made Shot,Putback Layup Shot,2PT Field Goal,Restricted Area,Center(C),Less Than 8 ft.,0,0,0,1,1,20220321,CHI,TOR
Shot Chart Detail,0022101076,488,1630567,Scottie Barnes,1610612761,Toronto Raptors,4,10,2,Made Shot,Driving Floating Jump Shot,2PT Field Goal,Mid-Range,Right Side(R),8-16 ft.,12,94,89,1,1,20220321,CHI,TOR
Shot Chart Detail,0022101095,66,1630567,Scottie Barnes,1610612761,Toronto Raptors,1,5,48,Made Shot,Cutting Layup Shot,2PT Field Goal,Restricted Area,Center(C),Less Than 8 ft.,1,-9,6,1,1,20220324,TOR,CLE
Shot Chart Detail,0022101095,120,1630567,Scottie Barnes,1610612761,Toronto Raptors,1,2,19,Made Shot,Turnaround Hook Shot,2PT Field Goal,Restricted Area,Center(C),Less Than 8 ft.,2,20,13,1,1,20220324,TOR,CLE
Shot Chart Detail,0022101095,433,1630567,Scottie Barnes,1610612761,Toronto Raptors,3,2,23,Made Shot,Cutting Dunk Shot,2PT Field Goal,Restricted Area,Center(C),Less Than 8 ft.,2,5,26,1,1,20220324,TOR,CLE
Shot Chart Detail,0022101095,572,1630567,Scottie Barnes,1610612761,Toronto Raptors,4,2,53,Made Shot,Driving Hook Shot,2PT Field Goal,In The Paint (Non-RA),Center(C),Less Than 8 ft.,4,12,43,1,1,20220324,TOR,CLE
Shot Chart Detail,0022101109,43,1630567,Scottie Barnes,1610612761,Toronto Raptors,1,8,9,Made Shot,Putback Layup Shot,2PT Field Goal,Restricted Area,Center(C),Less Than 8 ft.,0,0,0,1,1,20220326,TOR,IND
Shot Chart Detail,0022101109,153,1630567,Scottie Barnes,1610612761,Toronto Raptors,2,10,56,Made Shot,Jump Shot,2PT Field Goal,Mid-Range,Right Side(R),8-16 ft.,13,130,6,1,1,20220326,TOR,IND
Shot Chart Detail,0022101109,241,1630567,Scottie Barnes,1610612761,Toronto Raptors,2,4,5,Made Shot,Running Layup Shot,2PT Field Goal,Restricted Area,Center(C),Less Than 8 ft.,2,21,0,1,1,20220326,TOR,IND
Shot Chart Detail,0022101109,254,1630567,Scottie Barnes,1610612761,Toronto Raptors,2,3,10,Made Shot,Jump Shot,2PT Field Goal,Mid-Range,Left Side(L),8-16 ft.,12,-99,80,1,1,20220326,TOR,IND
Shot Chart Detail,0022101109,307,1630567,Scottie Barnes,1610612761,Toronto Raptors,3,11,11,Made Shot,Pullup Jump shot,2PT Field Goal,In The Paint (Non-RA),Center(C),8-16 ft.,12,-43,119,1,1,20220326,TOR,IND
Shot Chart Detail,0022101109,324,1630567,Scottie Barnes,1610612761,Toronto Raptors,3,9,9,Made Shot,Pullup Jump shot,2PT Field Goal,Mid-Range,Left Side Center(LC),16-24 ft.,20,-92,178,1,1,20220326,TOR,IND
Shot Chart Detail,0022101109,333,1630567,Scottie Barnes,1610612761,Toronto Raptors,3,8,50,Made Shot,Turnaround Hook Shot,2PT Field Goal,In The Paint (Non-RA),Center(C),Less Than 8 ft.,4,1,41,1,1,20220326,TOR,IND
Shot Chart Detail,0022101109,341,1630567,Scottie Barnes,1610612761,Toronto Raptors,3,7,45,Made Shot,Turnaround Hook Shot,2PT Field Goal,In The Paint (Non-RA),Center(C),Less Than 8 ft.,5,-13,58,1,1,20220326,TOR,IND
Shot Chart Detail,0022101127,50,1630567,Scottie Barnes,1610612761,Toronto Raptors,1,7,21,Made Shot,Driving Floating Jump Shot,2PT Field Goal,In The Paint (Non-RA),Center(C),Less Than 8 ft.,6,37,59,1,1,20220328,TOR,BOS
Shot Chart Detail,0022101127,130,1630567,Scottie Barnes,1610612761,Toronto Raptors,1,0,33,Made Shot,Driving Layup Shot,2PT Field Goal,Restricted Area,Center(C),Less Than 8 ft.,2,-16,21,1,1,20220328,TOR,BOS
Shot Chart Detail,0022101127,135,1630567,Scottie Barnes,1610612761,Toronto Raptors,1,0,10,Made Shot,Driving Floating Jump Shot,2PT Field Goal,In The Paint (Non-RA),Center(C),Less Than 8 ft.,7,11,73,1,1,20220328,TOR,BOS
Shot Chart Detail,0022101127,196,1630567,Scottie Barnes,1610612761,Toronto Raptors,2,7,13,Made Shot,Driving Dunk Shot,2PT Field Goal,Restricted Area,Center(C),Less Than 8 ft.,1,2,11,1,1,20220328,TOR,BOS
Shot Chart Detail,0022101127,495,1630567,Scottie Barnes,1610612761,Toronto Raptors,4,9,55,Made Shot,Putback Layup Shot,2PT Field Goal,Restricted Area,Center(C),Less Than 8 ft.,0,0,0,1,1,20220328,TOR,BOS
Shot Chart Detail,0022101141,232,1630567,Scottie Barnes,1610612761,Toronto Raptors,2,9,22,Made Shot,Driving Layup Shot,2PT Field Goal,Restricted Area,Center(C),Less Than 8 ft.,1,-12,10,1,1,20220330,TOR,MIN
Shot Chart Detail,0022101141,505,1630567,Scottie Barnes,1610612761,Toronto Raptors,3,2,2,Made Shot,Hook Shot,2PT Field Goal,Restricted Area,Center(C),Less Than 8 ft.,3,21,22,1,1,20220330,TOR,MIN
Shot Chart Detail,0022101141,515,1630567,Scottie Barnes,1610612761,Toronto Raptors,3,0,43,Made Shot,Tip Layup Shot,2PT Field Goal,Restricted Area,Center(C),Less Than 8 ft.,0,0,0,1,1,20220330,TOR,MIN
Shot Chart Detail,0022101141,543,1630567,Scottie Barnes,1610612761,Toronto Raptors,4,11,20,Made Shot,Tip Layup Shot,2PT Field Goal,Restricted Area,Center(C),Less Than 8 ft.,0,0,0,1,1,20220330,TOR,MIN
Shot Chart Detail,0022101141,558,1630567,Scottie Barnes,1610612761,Toronto Raptors,4,9,42,Made Shot,Turnaround Hook Shot,2PT Field Goal,Restricted Area,Center(C),Less Than 8 ft.,3,-20,25,1,1,20220330,TOR,MIN
Shot Chart Detail,0022101141,566,1630567,Scottie Barnes,1610612761,Toronto Raptors,4,8,43,Made Shot,Pullup Jump shot,2PT Field Goal,In The Paint (Non-RA),Center(C),8-16 ft.,8,4,88,1,1,20220330,TOR,MIN
Shot Chart Detail,0022101141,634,1630567,Scottie Barnes,1610612761,Toronto Raptors,4,4,30,Made Shot,Running Dunk Shot,2PT Field Goal,Restricted Area,Center(C),Less Than 8 ft.,2,6,29,1,1,20220330,TOR,MIN
Shot Chart Detail,0022101151,23,1630567,Scottie Barnes,1610612761,Toronto Raptors,1,9,27,Made Shot,Running Finger Roll Layup Shot,2PT Field Goal,Restricted Area,Center(C),Less Than 8 ft.,3,26,21,1,1,20220401,ORL,TOR
Shot Chart Detail,0022101151,34,1630567,Scottie Barnes,1610612761,Toronto Raptors,1,8,18,Made Shot,Tip Layup Shot,2PT Field Goal,Restricted Area,Center(C),Less Than 8 ft.,0,0,0,1,1,20220401,ORL,TOR
Shot Chart Detail,0022101151,44,1630567,Scottie Barnes,1610612761,Toronto Raptors,1,7,40,Made Shot,Running Dunk Shot,2PT Field Goal,Restricted Area,Center(C),Less Than 8 ft.,3,-9,37,1,1,20220401,ORL,TOR
Shot Chart Detail,0022101151,288,1630567,Scottie Barnes,1610612761,Toronto Raptors,2,1,55,Made Shot,Tip Layup Shot,2PT Field Goal,Restricted Area,Center(C),Less Than 8 ft.,0,0,0,1,1,20220401,ORL,TOR
Shot Chart Detail,0022101151,298,1630567,Scottie Barnes,1610612761,Toronto Raptors,2,1,16,Made Shot,Running Pull-Up Jump Shot,3PT Field Goal,Above the Break 3,Right Side Center(RC),24+ ft.,24,129,212,1,1,20220401,ORL,TOR
Shot Chart Detail,0022101151,580,1630567,Scottie Barnes,1610612761,Toronto Raptors,4,1,4,Made Shot,Driving Dunk Shot,2PT Field Goal,Restricted Area,Center(C),Less Than 8 ft.,3,-22,21,1,1,20220401,ORL,TOR
Shot Chart Detail,0022101172,16,1630567,Scottie Barnes,1610612761,Toronto Raptors,1,11,4,Made Shot,Putback Layup Shot,2PT Field Goal,Restricted Area,Center(C),Less Than 8 ft.,2,4,22,1,1,20220403,TOR,MIA
Shot Chart Detail,0022101172,164,1630567,Scottie Barnes,1610612761,Toronto Raptors,2,11,23,Made Shot,Jump Shot,3PT Field Goal,Right Corner 3,Right Side(R),24+ ft.,23,232,-10,1,1,20220403,TOR,MIA
Shot Chart Detail,0022101172,244,1630567,Scottie Barnes,1610612761,Toronto Raptors,2,5,37,Made Shot,Driving Floating Jump Shot,2PT Field Goal,In The Paint (Non-RA),Center(C),Less Than 8 ft.,5,-16,49,1,1,20220403,TOR,MIA
Shot Chart Detail,0022101172,260,1630567,Scottie Barnes,1610612761,Toronto Raptors,2,3,39,Made Shot,Jump Shot,3PT Field Goal,Right Corner 3,Right Side(R),24+ ft.,22,227,1,1,1,20220403,TOR,MIA
Shot Chart Detail,0022101172,336,1630567,Scottie Barnes,1610612761,Toronto Raptors,3,9,49,Made Shot,Tip Dunk Shot,2PT Field Goal,Restricted Area,Center(C),Less Than 8 ft.,0,0,0,1,1,20220403,TOR,MIA
Shot Chart Detail,0022101172,354,1630567,Scottie Barnes,1610612761,Toronto Raptors,3,7,44,Made Shot,Alley Oop Layup shot,2PT Field Goal,Restricted Area,Center(C),Less Than 8 ft.,3,18,24,1,1,20220403,TOR,MIA
Shot Chart Detail,0022101172,487,1630567,Scottie Barnes,1610612761,Toronto Raptors,4,10,58,Made Shot,Running Jump Shot,3PT Field Goal,Right Corner 3,Right Side(R),24+ ft.,23,238,0,1,1,20220403,TOR,MIA
Shot Chart Detail,0022101182,43,1630567,Scottie Barnes,1610612761,Toronto Raptors,1,8,56,Made Shot,Step Back Jump shot,2PT Field Goal,In The Paint (Non-RA),Center(C),8-16 ft.,13,-17,131,1,1,20220405,TOR,ATL
Shot Chart Detail,0022101182,82,1630567,Scottie Barnes,1610612761,Toronto Raptors,1,6,10,Made Shot,Layup Shot,2PT Field Goal,Restricted Area,Center(C),Less Than 8 ft.,2,23,15,1,1,20220405,TOR,ATL
Shot Chart Detail,0022101182,159,1630567,Scottie Barnes,1610612761,Toronto Raptors,1,0,0,Made Shot,Cutting Layup Shot,2PT Field Goal,Restricted Area,Center(C),Less Than 8 ft.,2,26,-10,1,1,20220405,TOR,ATL
Shot Chart Detail,0022101182,499,1630567,Scottie Barnes,1610612761,Toronto Raptors,4,9,53,Made Shot,Turnaround Hook Shot,2PT Field Goal,Restricted Area,Center(C),Less Than 8 ft.,3,20,30,1,1,20220405,TOR,ATL
Shot Chart Detail,0022101182,536,1630567,Scottie Barnes,1610612761,Toronto Raptors,4,7,38,Made Shot,Jump Shot,3PT Field Goal,Right Corner 3,Right Side(R),24+ ft.,23,233,-12,1,1,20220405,TOR,ATL
Shot Chart Detail,0022101182,599,1630567,Scottie Barnes,1610612761,Toronto Raptors,4,1,53,Made Shot,Putback Layup Shot,2PT Field Goal,Restricted Area,Center(C),Less Than 8 ft.,3,6,32,1,1,20220405,TOR,ATL
Shot Chart Detail,0022101182,617,1630567,Scottie Barnes,1610612761,Toronto Raptors,4,0,22,Made Shot,Driving Finger Roll Layup Shot,2PT Field Goal,Restricted Area,Center(C),Less Than 8 ft.,2,-5,26,1,1,20220405,TOR,ATL
Shot Chart Detail,0022101197,215,1630567,Scottie Barnes,1610612761,Toronto Raptors,2,7,21,Made Shot,Driving Floating Bank Jump Shot,2PT Field Goal,Mid-Range,Left Side(L),8-16 ft.,10,-97,48,1,1,20220407,TOR,PHI
Shot Chart Detail,0022101197,351,1630567,Scottie Barnes,1610612761,Toronto Raptors,3,8,9,Made Shot,Alley Oop Dunk Shot,2PT Field Goal,Restricted Area,Center(C),Less Than 8 ft.,0,6,6,1,1,20220407,TOR,PHI
Shot Chart Detail,0022101197,458,1630567,Scottie Barnes,1610612761,Toronto Raptors,4,11,22,Made Shot,Jump Shot,3PT Field Goal,Above the Break 3,Center(C),24+ ft.,28,18,282,1,1,20220407,TOR,PHI
Shot Chart Detail,0022101197,467,1630567,Scottie Barnes,1610612761,Toronto Raptors,4,10,3,Made Shot,Pullup Jump shot,2PT Field Goal,Mid-Range,Right Side Center(RC),16-24 ft.,20,88,189,1,1,20220407,TOR,PHI
Shot Chart Detail,0022101197,479,1630567,Scottie Barnes,1610612761,Toronto Raptors,4,8,57,Made Shot,Cutting Layup Shot,2PT Field Goal,Restricted Area,Center(C),Less Than 8 ft.,3,34,1,1,1,20220407,TOR,PHI
Shot Chart Detail,0022101197,559,1630567,Scottie Barnes,1610612761,Toronto Raptors,4,1,30,Made Shot,Running Dunk Shot,2PT Field Goal,Restricted Area,Center(C),Less Than 8 ft.,0,5,8,1,1,20220407,TOR,PHI
Shot Chart Detail,0022101206,7,1630567,Scottie Barnes,1610612761,Toronto Raptors,1,11,38,Made Shot,Driving Finger Roll Layup Shot,2PT Field Goal,Restricted Area,Center(C),Less Than 8 ft.,1,-13,12,1,1,20220408,TOR,HOU
Shot Chart Detail,0022101206,487,1630567,Scottie Barnes,1610612761,Toronto Raptors,4,11,30,Made Shot,Jump Shot,2PT Field Goal,Mid-Range,Right Side Center(RC),16-24 ft.,22,112,200,1,1,20220408,TOR,HOU
Shot Chart Detail,0022101206,498,1630567,Scottie Barnes,1610612761,Toronto Raptors,4,10,9,Made Shot,Turnaround Hook Shot,2PT Field Goal,In The Paint (Non-RA),Center(C),Less Than 8 ft.,7,49,59,1,1,20220408,TOR,HOU
Shot Chart Detail,0022101206,521,1630567,Scottie Barnes,1610612761,Toronto Raptors,4,8,20,Made Shot,Running Dunk Shot,2PT Field Goal,Restricted Area,Center(C),Less Than 8 ft.,0,2,0,1,1,20220408,TOR,HOU
Shot Chart Detail,0022101206,556,1630567,Scottie Barnes,1610612761,Toronto Raptors,4,5,31,Made Shot,Running Pull-Up Jump Shot,2PT Field Goal,Mid-Range,Center(C),16-24 ft.,20,28,199,1,1,20220408,TOR,HOU
Shot Chart Detail,0022101206,583,1630567,Scottie Barnes,1610612761,Toronto Raptors,4,3,40,Made Shot,Driving Layup Shot,2PT Field Goal,Restricted Area,Center(C),Less Than 8 ft.,2,-17,14,1,1,20220408,TOR,HOU
Shot Chart Detail,0022101206,587,1630567,Scottie Barnes,1610612761,Toronto Raptors,4,3,21,Made Shot,Running Dunk Shot,2PT Field Goal,Restricted Area,Center(C),Less Than 8 ft.,1,-6,14,1,1,20220408,TOR,HOU
Shot Chart Detail,0022101226,14,1630567,Scottie Barnes,1610612761,Toronto Raptors,1,10,50,Made Shot,Layup Shot,2PT Field Goal,Restricted Area,Center(C),Less Than 8 ft.,1,12,6,1,1,20220410,NYK,TOR
Shot Chart Detail,0022101226,36,1630567,Scottie Barnes,1610612761,Toronto Raptors,1,8,46,Made Shot,Jump Shot,3PT Field Goal,Above the Break 3,Right Side Center(RC),24+ ft.,25,163,201,1,1,20220410,NYK,TOR
Shot Chart Detail,0022101226,412,1630567,Scottie Barnes,1610612761,Toronto Raptors,3,2,8,Made Shot,Cutting Dunk Shot,2PT Field Goal,Restricted Area,Center(C),Less Than 8 ft.,0,-2,1,1,1,20220410,NYK,TOR
